[    2389ms] [ERROR] Failed to load resource: the server responded with a status of 401 () @ https://three60-nfc-valet-admin.onrender.com/api/me:0
[    2436ms] [ERROR] Failed to load resource: the server responded with a status of 401 () @ https://three60-nfc-valet-admin.onrender.com/api/cards?:0
[    3048ms] [ERROR] Failed to load resource: the server responded with a status of 401 () @ https://three60-nfc-valet-admin.onrender.com/api/dashboard:0
[   21700ms] [LOG] [WS] Connection error: timeout @ https://three60-nfc-valet-admin.onrender.com/_next/static/chunks/64-a6f154658988b61c.js:0
[   21704ms] [WARNING] WebSocket connection to 'ws://localhost:3002/socket.io/?EIO=4&transport=websocket' failed: WebSocket is closed before the connection is established. @ https://three60-nfc-valet-admin.onrender.com/_next/static/chunks/692-46d5bb9e77fa1ebf.js:0
[   42791ms] [LOG] [WS] Connection error: timeout @ https://three60-nfc-valet-admin.onrender.com/_next/static/chunks/64-a6f154658988b61c.js:0
[   42792ms] [WARNING] WebSocket connection to 'ws://localhost:3002/socket.io/?EIO=4&transport=websocket' failed: WebSocket is closed before the connection is established. @ https://three60-nfc-valet-admin.onrender.com/_next/static/chunks/692-46d5bb9e77fa1ebf.js:0
[   64126ms] [LOG] [WS] Connection error: timeout @ https://three60-nfc-valet-admin.onrender.com/_next/static/chunks/64-a6f154658988b61c.js:0
[   64126ms] [WARNING] WebSocket connection to 'ws://localhost:3002/socket.io/?EIO=4&transport=websocket' failed: WebSocket is closed before the connection is established. @ https://three60-nfc-valet-admin.onrender.com/_next/static/chunks/692-46d5bb9e77fa1ebf.js:0
[   88464ms] [LOG] [WS] Connection error: timeout @ https://three60-nfc-valet-admin.onrender.com/_next/static/chunks/64-a6f154658988b61c.js:0
[   88464ms] [WARNING] WebSocket connection to 'ws://localhost:3002/socket.io/?EIO=4&transport=websocket' failed: WebSocket is closed before the connection is established. @ https://three60-nfc-valet-admin.onrender.com/_next/static/chunks/692-46d5bb9e77fa1ebf.js:0
[  113480ms] [LOG] [WS] Connection error: timeout @ https://three60-nfc-valet-admin.onrender.com/_next/static/chunks/64-a6f154658988b61c.js:0
[  113480ms] [WARNING] WebSocket connection to 'ws://localhost:3002/socket.io/?EIO=4&transport=websocket' failed: WebSocket is closed before the connection is established. @ https://three60-nfc-valet-admin.onrender.com/_next/static/chunks/692-46d5bb9e77fa1ebf.js:0
[  138495ms] [LOG] [WS] Connection error: timeout @ https://three60-nfc-valet-admin.onrender.com/_next/static/chunks/64-a6f154658988b61c.js:0
[  138495ms] [WARNING] WebSocket connection to 'ws://localhost:3002/socket.io/?EIO=4&transport=websocket' failed: WebSocket is closed before the connection is established. @ https://three60-nfc-valet-admin.onrender.com/_next/static/chunks/692-46d5bb9e77fa1ebf.js:0
[  163511ms] [LOG] [WS] Connection error: timeout @ https://three60-nfc-valet-admin.onrender.com/_next/static/chunks/64-a6f154658988b61c.js:0
[  163511ms] [WARNING] WebSocket connection to 'ws://localhost:3002/socket.io/?EIO=4&transport=websocket' failed: WebSocket is closed before the connection is established. @ https://three60-nfc-valet-admin.onrender.com/_next/static/chunks/692-46d5bb9e77fa1ebf.js:0
[  188521ms] [LOG] [WS] Connection error: timeout @ https://three60-nfc-valet-admin.onrender.com/_next/static/chunks/64-a6f154658988b61c.js:0
[  188522ms] [WARNING] WebSocket connection to 'ws://localhost:3002/socket.io/?EIO=4&transport=websocket' failed: WebSocket is closed before the connection is established. @ https://three60-nfc-valet-admin.onrender.com/_next/static/chunks/692-46d5bb9e77fa1ebf.js:0
[  213542ms] [LOG] [WS] Connection error: timeout @ https://three60-nfc-valet-admin.onrender.com/_next/static/chunks/64-a6f154658988b61c.js:0
[  213542ms] [WARNING] WebSocket connection to 'ws://localhost:3002/socket.io/?EIO=4&transport=websocket' failed: WebSocket is closed before the connection is established. @ https://three60-nfc-valet-admin.onrender.com/_next/static/chunks/692-46d5bb9e77fa1ebf.js:0
[  238564ms] [LOG] [WS] Connection error: timeout @ https://three60-nfc-valet-admin.onrender.com/_next/static/chunks/64-a6f154658988b61c.js:0
[  238564ms] [WARNING] WebSocket connection to 'ws://localhost:3002/socket.io/?EIO=4&transport=websocket' failed: WebSocket is closed before the connection is established. @ https://three60-nfc-valet-admin.onrender.com/_next/static/chunks/692-46d5bb9e77fa1ebf.js:0
[  263576ms] [LOG] [WS] Connection error: timeout @ https://three60-nfc-valet-admin.onrender.com/_next/static/chunks/64-a6f154658988b61c.js:0
[  263576ms] [WARNING] WebSocket connection to 'ws://localhost:3002/socket.io/?EIO=4&transport=websocket' failed: WebSocket is closed before the connection is established. @ https://three60-nfc-valet-admin.onrender.com/_next/static/chunks/692-46d5bb9e77fa1ebf.js:0
[  288603ms] [LOG] [WS] Connection error: timeout @ https://three60-nfc-valet-admin.onrender.com/_next/static/chunks/64-a6f154658988b61c.js:0
[  288604ms] [WARNING] WebSocket connection to 'ws://localhost:3002/socket.io/?EIO=4&transport=websocket' failed: WebSocket is closed before the connection is established. @ https://three60-nfc-valet-admin.onrender.com/_next/static/chunks/692-46d5bb9e77fa1ebf.js:0
[  313612ms] [LOG] [WS] Connection error: timeout @ https://three60-nfc-valet-admin.onrender.com/_next/static/chunks/64-a6f154658988b61c.js:0
[  313613ms] [WARNING] WebSocket connection to 'ws://localhost:3002/socket.io/?EIO=4&transport=websocket' failed: WebSocket is closed before the connection is established. @ https://three60-nfc-valet-admin.onrender.com/_next/static/chunks/692-46d5bb9e77fa1ebf.js:0
[  338630ms] [LOG] [WS] Connection error: timeout @ https://three60-nfc-valet-admin.onrender.com/_next/static/chunks/64-a6f154658988b61c.js:0
[  338631ms] [WARNING] WebSocket connection to 'ws://localhost:3002/socket.io/?EIO=4&transport=websocket' failed: WebSocket is closed before the connection is established. @ https://three60-nfc-valet-admin.onrender.com/_next/static/chunks/692-46d5bb9e77fa1ebf.js:0
[  363645ms] [LOG] [WS] Connection error: timeout @ https://three60-nfc-valet-admin.onrender.com/_next/static/chunks/64-a6f154658988b61c.js:0
[  363646ms] [WARNING] WebSocket connection to 'ws://localhost:3002/socket.io/?EIO=4&transport=websocket' failed: WebSocket is closed before the connection is established. @ https://three60-nfc-valet-admin.onrender.com/_next/static/chunks/692-46d5bb9e77fa1ebf.js:0
[  388661ms] [LOG] [WS] Connection error: timeout @ https://three60-nfc-valet-admin.onrender.com/_next/static/chunks/64-a6f154658988b61c.js:0
[  388662ms] [WARNING] WebSocket connection to 'ws://localhost:3002/socket.io/?EIO=4&transport=websocket' failed: WebSocket is closed before the connection is established. @ https://three60-nfc-valet-admin.onrender.com/_next/static/chunks/692-46d5bb9e77fa1ebf.js:0
[  413690ms] [LOG] [WS] Connection error: timeout @ https://three60-nfc-valet-admin.onrender.com/_next/static/chunks/64-a6f154658988b61c.js:0
[  413690ms] [WARNING] WebSocket connection to 'ws://localhost:3002/socket.io/?EIO=4&transport=websocket' failed: WebSocket is closed before the connection is established. @ https://three60-nfc-valet-admin.onrender.com/_next/static/chunks/692-46d5bb9e77fa1ebf.js:0
[  438704ms] [LOG] [WS] Connection error: timeout @ https://three60-nfc-valet-admin.onrender.com/_next/static/chunks/64-a6f154658988b61c.js:0
[  438705ms] [WARNING] WebSocket connection to 'ws://localhost:3002/socket.io/?EIO=4&transport=websocket' failed: WebSocket is closed before the connection is established. @ https://three60-nfc-valet-admin.onrender.com/_next/static/chunks/692-46d5bb9e77fa1ebf.js:0
[  463728ms] [LOG] [WS] Connection error: timeout @ https://three60-nfc-valet-admin.onrender.com/_next/static/chunks/64-a6f154658988b61c.js:0
[  463729ms] [WARNING] WebSocket connection to 'ws://localhost:3002/socket.io/?EIO=4&transport=websocket' failed: WebSocket is closed before the connection is established. @ https://three60-nfc-valet-admin.onrender.com/_next/static/chunks/692-46d5bb9e77fa1ebf.js:0
[  488746ms] [LOG] [WS] Connection error: timeout @ https://three60-nfc-valet-admin.onrender.com/_next/static/chunks/64-a6f154658988b61c.js:0
[  488746ms] [WARNING] WebSocket connection to 'ws://localhost:3002/socket.io/?EIO=4&transport=websocket' failed: WebSocket is closed before the connection is established. @ https://three60-nfc-valet-admin.onrender.com/_next/static/chunks/692-46d5bb9e77fa1ebf.js:0
[  513760ms] [LOG] [WS] Connection error: timeout @ https://three60-nfc-valet-admin.onrender.com/_next/static/chunks/64-a6f154658988b61c.js:0
[  513761ms] [WARNING] WebSocket connection to 'ws://localhost:3002/socket.io/?EIO=4&transport=websocket' failed: WebSocket is closed before the connection is established. @ https://three60-nfc-valet-admin.onrender.com/_next/static/chunks/692-46d5bb9e77fa1ebf.js:0
[  538775ms] [LOG] [WS] Connection error: timeout @ https://three60-nfc-valet-admin.onrender.com/_next/static/chunks/64-a6f154658988b61c.js:0
[  538775ms] [WARNING] WebSocket connection to 'ws://localhost:3002/socket.io/?EIO=4&transport=websocket' failed: WebSocket is closed before the connection is established. @ https://three60-nfc-valet-admin.onrender.com/_next/static/chunks/692-46d5bb9e77fa1ebf.js:0
[  563785ms] [LOG] [WS] Connection error: timeout @ https://three60-nfc-valet-admin.onrender.com/_next/static/chunks/64-a6f154658988b61c.js:0
[  563785ms] [WARNING] WebSocket connection to 'ws://localhost:3002/socket.io/?EIO=4&transport=websocket' failed: WebSocket is closed before the connection is established. @ https://three60-nfc-valet-admin.onrender.com/_next/static/chunks/692-46d5bb9e77fa1ebf.js:0
[  588794ms] [LOG] [WS] Connection error: timeout @ https://three60-nfc-valet-admin.onrender.com/_next/static/chunks/64-a6f154658988b61c.js:0
[  588794ms] [WARNING] WebSocket connection to 'ws://localhost:3002/socket.io/?EIO=4&transport=websocket' failed: WebSocket is closed before the connection is established. @ https://three60-nfc-valet-admin.onrender.com/_next/static/chunks/692-46d5bb9e77fa1ebf.js:0
[  613804ms] [LOG] [WS] Connection error: timeout @ https://three60-nfc-valet-admin.onrender.com/_next/static/chunks/64-a6f154658988b61c.js:0
[  613805ms] [WARNING] WebSocket connection to 'ws://localhost:3002/socket.io/?EIO=4&transport=websocket' failed: WebSocket is closed before the connection is established. @ https://three60-nfc-valet-admin.onrender.com/_next/static/chunks/692-46d5bb9e77fa1ebf.js:0
[  638814ms] [LOG] [WS] Connection error: timeout @ https://three60-nfc-valet-admin.onrender.com/_next/static/chunks/64-a6f154658988b61c.js:0
[  638815ms] [WARNING] WebSocket connection to 'ws://localhost:3002/socket.io/?EIO=4&transport=websocket' failed: WebSocket is closed before the connection is established. @ https://three60-nfc-valet-admin.onrender.com/_next/static/chunks/692-46d5bb9e77fa1ebf.js:0
[  663828ms] [LOG] [WS] Connection error: timeout @ https://three60-nfc-valet-admin.onrender.com/_next/static/chunks/64-a6f154658988b61c.js:0
[  663829ms] [WARNING] WebSocket connection to 'ws://localhost:3002/socket.io/?EIO=4&transport=websocket' failed: WebSocket is closed before the connection is established. @ https://three60-nfc-valet-admin.onrender.com/_next/static/chunks/692-46d5bb9e77fa1ebf.js:0
[  688845ms] [LOG] [WS] Connection error: timeout @ https://three60-nfc-valet-admin.onrender.com/_next/static/chunks/64-a6f154658988b61c.js:0
[  688845ms] [WARNING] WebSocket connection to 'ws://localhost:3002/socket.io/?EIO=4&transport=websocket' failed: WebSocket is closed before the connection is established. @ https://three60-nfc-valet-admin.onrender.com/_next/static/chunks/692-46d5bb9e77fa1ebf.js:0
[  713861ms] [LOG] [WS] Connection error: timeout @ https://three60-nfc-valet-admin.onrender.com/_next/static/chunks/64-a6f154658988b61c.js:0
[  713861ms] [WARNING] WebSocket connection to 'ws://localhost:3002/socket.io/?EIO=4&transport=websocket' failed: WebSocket is closed before the connection is established. @ https://three60-nfc-valet-admin.onrender.com/_next/static/chunks/692-46d5bb9e77fa1ebf.js:0
[  738874ms] [LOG] [WS] Connection error: timeout @ https://three60-nfc-valet-admin.onrender.com/_next/static/chunks/64-a6f154658988b61c.js:0
[  738875ms] [WARNING] WebSocket connection to 'ws://localhost:3002/socket.io/?EIO=4&transport=websocket' failed: WebSocket is closed before the connection is established. @ https://three60-nfc-valet-admin.onrender.com/_next/static/chunks/692-46d5bb9e77fa1ebf.js:0
[  763897ms] [LOG] [WS] Connection error: timeout @ https://three60-nfc-valet-admin.onrender.com/_next/static/chunks/64-a6f154658988b61c.js:0
[  763897ms] [WARNING] WebSocket connection to 'ws://localhost:3002/socket.io/?EIO=4&transport=websocket' failed: WebSocket is closed before the connection is established. @ https://three60-nfc-valet-admin.onrender.com/_next/static/chunks/692-46d5bb9e77fa1ebf.js:0
[  788907ms] [LOG] [WS] Connection error: timeout @ https://three60-nfc-valet-admin.onrender.com/_next/static/chunks/64-a6f154658988b61c.js:0
[  788907ms] [WARNING] WebSocket connection to 'ws://localhost:3002/socket.io/?EIO=4&transport=websocket' failed: WebSocket is closed before the connection is established. @ https://three60-nfc-valet-admin.onrender.com/_next/static/chunks/692-46d5bb9e77fa1ebf.js:0
[  813910ms] [LOG] [WS] Connection error: timeout @ https://three60-nfc-valet-admin.onrender.com/_next/static/chunks/64-a6f154658988b61c.js:0
[  813911ms] [WARNING] WebSocket connection to 'ws://localhost:3002/socket.io/?EIO=4&transport=websocket' failed: WebSocket is closed before the connection is established. @ https://three60-nfc-valet-admin.onrender.com/_next/static/chunks/692-46d5bb9e77fa1ebf.js:0
[  838925ms] [LOG] [WS] Connection error: timeout @ https://three60-nfc-valet-admin.onrender.com/_next/static/chunks/64-a6f154658988b61c.js:0
[  838925ms] [WARNING] WebSocket connection to 'ws://localhost:3002/socket.io/?EIO=4&transport=websocket' failed: WebSocket is closed before the connection is established. @ https://three60-nfc-valet-admin.onrender.com/_next/static/chunks/692-46d5bb9e77fa1ebf.js:0
[  863934ms] [LOG] [WS] Connection error: timeout @ https://three60-nfc-valet-admin.onrender.com/_next/static/chunks/64-a6f154658988b61c.js:0
[  863934ms] [WARNING] WebSocket connection to 'ws://localhost:3002/socket.io/?EIO=4&transport=websocket' failed: WebSocket is closed before the connection is established. @ https://three60-nfc-valet-admin.onrender.com/_next/static/chunks/692-46d5bb9e77fa1ebf.js:0
[  888949ms] [LOG] [WS] Connection error: timeout @ https://three60-nfc-valet-admin.onrender.com/_next/static/chunks/64-a6f154658988b61c.js:0
[  888950ms] [WARNING] WebSocket connection to 'ws://localhost:3002/socket.io/?EIO=4&transport=websocket' failed: WebSocket is closed before the connection is established. @ https://three60-nfc-valet-admin.onrender.com/_next/static/chunks/692-46d5bb9e77fa1ebf.js:0
[  913963ms] [LOG] [WS] Connection error: timeout @ https://three60-nfc-valet-admin.onrender.com/_next/static/chunks/64-a6f154658988b61c.js:0
[  913964ms] [WARNING] WebSocket connection to 'ws://localhost:3002/socket.io/?EIO=4&transport=websocket' failed: WebSocket is closed before the connection is established. @ https://three60-nfc-valet-admin.onrender.com/_next/static/chunks/692-46d5bb9e77fa1ebf.js:0
[  938987ms] [LOG] [WS] Connection error: timeout @ https://three60-nfc-valet-admin.onrender.com/_next/static/chunks/64-a6f154658988b61c.js:0
[  938987ms] [WARNING] WebSocket connection to 'ws://localhost:3002/socket.io/?EIO=4&transport=websocket' failed: WebSocket is closed before the connection is established. @ https://three60-nfc-valet-admin.onrender.com/_next/static/chunks/692-46d5bb9e77fa1ebf.js:0
[  963995ms] [LOG] [WS] Connection error: timeout @ https://three60-nfc-valet-admin.onrender.com/_next/static/chunks/64-a6f154658988b61c.js:0
[  963996ms] [WARNING] WebSocket connection to 'ws://localhost:3002/socket.io/?EIO=4&transport=websocket' failed: WebSocket is closed before the connection is established. @ https://three60-nfc-valet-admin.onrender.com/_next/static/chunks/692-46d5bb9e77fa1ebf.js:0
[  989018ms] [LOG] [WS] Connection error: timeout @ https://three60-nfc-valet-admin.onrender.com/_next/static/chunks/64-a6f154658988b61c.js:0
[  989019ms] [WARNING] WebSocket connection to 'ws://localhost:3002/socket.io/?EIO=4&transport=websocket' failed: WebSocket is closed before the connection is established. @ https://three60-nfc-valet-admin.onrender.com/_next/static/chunks/692-46d5bb9e77fa1ebf.js:0
[ 1014034ms] [LOG] [WS] Connection error: timeout @ https://three60-nfc-valet-admin.onrender.com/_next/static/chunks/64-a6f154658988b61c.js:0
[ 1014034ms] [WARNING] WebSocket connection to 'ws://localhost:3002/socket.io/?EIO=4&transport=websocket' failed: WebSocket is closed before the connection is established. @ https://three60-nfc-valet-admin.onrender.com/_next/static/chunks/692-46d5bb9e77fa1ebf.js:0
[ 1039053ms] [LOG] [WS] Connection error: timeout @ https://three60-nfc-valet-admin.onrender.com/_next/static/chunks/64-a6f154658988b61c.js:0
[ 1039054ms] [WARNING] WebSocket connection to 'ws://localhost:3002/socket.io/?EIO=4&transport=websocket' failed: WebSocket is closed before the connection is established. @ https://three60-nfc-valet-admin.onrender.com/_next/static/chunks/692-46d5bb9e77fa1ebf.js:0
[ 1064069ms] [LOG] [WS] Connection error: timeout @ https://three60-nfc-valet-admin.onrender.com/_next/static/chunks/64-a6f154658988b61c.js:0
[ 1064069ms] [WARNING] WebSocket connection to 'ws://localhost:3002/socket.io/?EIO=4&transport=websocket' failed: WebSocket is closed before the connection is established. @ https://three60-nfc-valet-admin.onrender.com/_next/static/chunks/692-46d5bb9e77fa1ebf.js:0
[ 1089085ms] [LOG] [WS] Connection error: timeout @ https://three60-nfc-valet-admin.onrender.com/_next/static/chunks/64-a6f154658988b61c.js:0
[ 1089086ms] [WARNING] WebSocket connection to 'ws://localhost:3002/socket.io/?EIO=4&transport=websocket' failed: WebSocket is closed before the connection is established. @ https://three60-nfc-valet-admin.onrender.com/_next/static/chunks/692-46d5bb9e77fa1ebf.js:0
[ 1114110ms] [LOG] [WS] Connection error: timeout @ https://three60-nfc-valet-admin.onrender.com/_next/static/chunks/64-a6f154658988b61c.js:0
[ 1114113ms] [WARNING] WebSocket connection to 'ws://localhost:3002/socket.io/?EIO=4&transport=websocket' failed: WebSocket is closed before the connection is established. @ https://three60-nfc-valet-admin.onrender.com/_next/static/chunks/692-46d5bb9e77fa1ebf.js:0
[ 1139127ms] [LOG] [WS] Connection error: timeout @ https://three60-nfc-valet-admin.onrender.com/_next/static/chunks/64-a6f154658988b61c.js:0
[ 1139128ms] [WARNING] WebSocket connection to 'ws://localhost:3002/socket.io/?EIO=4&transport=websocket' failed: WebSocket is closed before the connection is established. @ https://three60-nfc-valet-admin.onrender.com/_next/static/chunks/692-46d5bb9e77fa1ebf.js:0
[ 1164146ms] [LOG] [WS] Connection error: timeout @ https://three60-nfc-valet-admin.onrender.com/_next/static/chunks/64-a6f154658988b61c.js:0
[ 1164147ms] [WARNING] WebSocket connection to 'ws://localhost:3002/socket.io/?EIO=4&transport=websocket' failed: WebSocket is closed before the connection is established. @ https://three60-nfc-valet-admin.onrender.com/_next/static/chunks/692-46d5bb9e77fa1ebf.js:0
[ 1189160ms] [LOG] [WS] Connection error: timeout @ https://three60-nfc-valet-admin.onrender.com/_next/static/chunks/64-a6f154658988b61c.js:0
[ 1189160ms] [WARNING] WebSocket connection to 'ws://localhost:3002/socket.io/?EIO=4&transport=websocket' failed: WebSocket is closed before the connection is established. @ https://three60-nfc-valet-admin.onrender.com/_next/static/chunks/692-46d5bb9e77fa1ebf.js:0
[ 1214179ms] [LOG] [WS] Connection error: timeout @ https://three60-nfc-valet-admin.onrender.com/_next/static/chunks/64-a6f154658988b61c.js:0
[ 1214180ms] [WARNING] WebSocket connection to 'ws://localhost:3002/socket.io/?EIO=4&transport=websocket' failed: WebSocket is closed before the connection is established. @ https://three60-nfc-valet-admin.onrender.com/_next/static/chunks/692-46d5bb9e77fa1ebf.js:0
[ 1239194ms] [LOG] [WS] Connection error: timeout @ https://three60-nfc-valet-admin.onrender.com/_next/static/chunks/64-a6f154658988b61c.js:0
[ 1239194ms] [WARNING] WebSocket connection to 'ws://localhost:3002/socket.io/?EIO=4&transport=websocket' failed: WebSocket is closed before the connection is established. @ https://three60-nfc-valet-admin.onrender.com/_next/static/chunks/692-46d5bb9e77fa1ebf.js:0
[ 1264205ms] [LOG] [WS] Connection error: timeout @ https://three60-nfc-valet-admin.onrender.com/_next/static/chunks/64-a6f154658988b61c.js:0
[ 1264206ms] [WARNING] WebSocket connection to 'ws://localhost:3002/socket.io/?EIO=4&transport=websocket' failed: WebSocket is closed before the connection is established. @ https://three60-nfc-valet-admin.onrender.com/_next/static/chunks/692-46d5bb9e77fa1ebf.js:0
[ 1289217ms] [LOG] [WS] Connection error: timeout @ https://three60-nfc-valet-admin.onrender.com/_next/static/chunks/64-a6f154658988b61c.js:0
[ 1289219ms] [WARNING] WebSocket connection to 'ws://localhost:3002/socket.io/?EIO=4&transport=websocket' failed: WebSocket is closed before the connection is established. @ https://three60-nfc-valet-admin.onrender.com/_next/static/chunks/692-46d5bb9e77fa1ebf.js:0
[ 1314245ms] [LOG] [WS] Connection error: timeout @ https://three60-nfc-valet-admin.onrender.com/_next/static/chunks/64-a6f154658988b61c.js:0
[ 1314245ms] [WARNING] WebSocket connection to 'ws://localhost:3002/socket.io/?EIO=4&transport=websocket' failed: WebSocket is closed before the connection is established. @ https://three60-nfc-valet-admin.onrender.com/_next/static/chunks/692-46d5bb9e77fa1ebf.js:0
[ 1339261ms] [LOG] [WS] Connection error: timeout @ https://three60-nfc-valet-admin.onrender.com/_next/static/chunks/64-a6f154658988b61c.js:0
[ 1339261ms] [WARNING] WebSocket connection to 'ws://localhost:3002/socket.io/?EIO=4&transport=websocket' failed: WebSocket is closed before the connection is established. @ https://three60-nfc-valet-admin.onrender.com/_next/static/chunks/692-46d5bb9e77fa1ebf.js:0
[ 1364275ms] [LOG] [WS] Connection error: timeout @ https://three60-nfc-valet-admin.onrender.com/_next/static/chunks/64-a6f154658988b61c.js:0
[ 1364275ms] [WARNING] WebSocket connection to 'ws://localhost:3002/socket.io/?EIO=4&transport=websocket' failed: WebSocket is closed before the connection is established. @ https://three60-nfc-valet-admin.onrender.com/_next/static/chunks/692-46d5bb9e77fa1ebf.js:0
[ 1389287ms] [LOG] [WS] Connection error: timeout @ https://three60-nfc-valet-admin.onrender.com/_next/static/chunks/64-a6f154658988b61c.js:0
[ 1389288ms] [WARNING] WebSocket connection to 'ws://localhost:3002/socket.io/?EIO=4&transport=websocket' failed: WebSocket is closed before the connection is established. @ https://three60-nfc-valet-admin.onrender.com/_next/static/chunks/692-46d5bb9e77fa1ebf.js:0
[ 1414316ms] [LOG] [WS] Connection error: timeout @ https://three60-nfc-valet-admin.onrender.com/_next/static/chunks/64-a6f154658988b61c.js:0
[ 1414316ms] [WARNING] WebSocket connection to 'ws://localhost:3002/socket.io/?EIO=4&transport=websocket' failed: WebSocket is closed before the connection is established. @ https://three60-nfc-valet-admin.onrender.com/_next/static/chunks/692-46d5bb9e77fa1ebf.js:0
[ 1439326ms] [LOG] [WS] Connection error: timeout @ https://three60-nfc-valet-admin.onrender.com/_next/static/chunks/64-a6f154658988b61c.js:0
[ 1439326ms] [WARNING] WebSocket connection to 'ws://localhost:3002/socket.io/?EIO=4&transport=websocket' failed: WebSocket is closed before the connection is established. @ https://three60-nfc-valet-admin.onrender.com/_next/static/chunks/692-46d5bb9e77fa1ebf.js:0
[ 1464344ms] [LOG] [WS] Connection error: timeout @ https://three60-nfc-valet-admin.onrender.com/_next/static/chunks/64-a6f154658988b61c.js:0
[ 1464344ms] [WARNING] WebSocket connection to 'ws://localhost:3002/socket.io/?EIO=4&transport=websocket' failed: WebSocket is closed before the connection is established. @ https://three60-nfc-valet-admin.onrender.com/_next/static/chunks/692-46d5bb9e77fa1ebf.js:0
[ 1489353ms] [LOG] [WS] Connection error: timeout @ https://three60-nfc-valet-admin.onrender.com/_next/static/chunks/64-a6f154658988b61c.js:0
[ 1489354ms] [WARNING] WebSocket connection to 'ws://localhost:3002/socket.io/?EIO=4&transport=websocket' failed: WebSocket is closed before the connection is established. @ https://three60-nfc-valet-admin.onrender.com/_next/static/chunks/692-46d5bb9e77fa1ebf.js:0
[ 1514366ms] [LOG] [WS] Connection error: timeout @ https://three60-nfc-valet-admin.onrender.com/_next/static/chunks/64-a6f154658988b61c.js:0
[ 1514366ms] [WARNING] WebSocket connection to 'ws://localhost:3002/socket.io/?EIO=4&transport=websocket' failed: WebSocket is closed before the connection is established. @ https://three60-nfc-valet-admin.onrender.com/_next/static/chunks/692-46d5bb9e77fa1ebf.js:0
[ 1539389ms] [LOG] [WS] Connection error: timeout @ https://three60-nfc-valet-admin.onrender.com/_next/static/chunks/64-a6f154658988b61c.js:0
[ 1539390ms] [WARNING] WebSocket connection to 'ws://localhost:3002/socket.io/?EIO=4&transport=websocket' failed: WebSocket is closed before the connection is established. @ https://three60-nfc-valet-admin.onrender.com/_next/static/chunks/692-46d5bb9e77fa1ebf.js:0
[ 1564415ms] [LOG] [WS] Connection error: timeout @ https://three60-nfc-valet-admin.onrender.com/_next/static/chunks/64-a6f154658988b61c.js:0
[ 1564415ms] [WARNING] WebSocket connection to 'ws://localhost:3002/socket.io/?EIO=4&transport=websocket' failed: WebSocket is closed before the connection is established. @ https://three60-nfc-valet-admin.onrender.com/_next/static/chunks/692-46d5bb9e77fa1ebf.js:0
[ 1589428ms] [LOG] [WS] Connection error: timeout @ https://three60-nfc-valet-admin.onrender.com/_next/static/chunks/64-a6f154658988b61c.js:0
[ 1589428ms] [WARNING] WebSocket connection to 'ws://localhost:3002/socket.io/?EIO=4&transport=websocket' failed: WebSocket is closed before the connection is established. @ https://three60-nfc-valet-admin.onrender.com/_next/static/chunks/692-46d5bb9e77fa1ebf.js:0
[ 1614440ms] [LOG] [WS] Connection error: timeout @ https://three60-nfc-valet-admin.onrender.com/_next/static/chunks/64-a6f154658988b61c.js:0
[ 1614440ms] [WARNING] WebSocket connection to 'ws://localhost:3002/socket.io/?EIO=4&transport=websocket' failed: WebSocket is closed before the connection is established. @ https://three60-nfc-valet-admin.onrender.com/_next/static/chunks/692-46d5bb9e77fa1ebf.js:0
[ 1639455ms] [LOG] [WS] Connection error: timeout @ https://three60-nfc-valet-admin.onrender.com/_next/static/chunks/64-a6f154658988b61c.js:0
[ 1639455ms] [WARNING] WebSocket connection to 'ws://localhost:3002/socket.io/?EIO=4&transport=websocket' failed: WebSocket is closed before the connection is established. @ https://three60-nfc-valet-admin.onrender.com/_next/static/chunks/692-46d5bb9e77fa1ebf.js:0
[ 1664472ms] [LOG] [WS] Connection error: timeout @ https://three60-nfc-valet-admin.onrender.com/_next/static/chunks/64-a6f154658988b61c.js:0
[ 1664472ms] [WARNING] WebSocket connection to 'ws://localhost:3002/socket.io/?EIO=4&transport=websocket' failed: WebSocket is closed before the connection is established. @ https://three60-nfc-valet-admin.onrender.com/_next/static/chunks/692-46d5bb9e77fa1ebf.js:0
[ 1689495ms] [LOG] [WS] Connection error: timeout @ https://three60-nfc-valet-admin.onrender.com/_next/static/chunks/64-a6f154658988b61c.js:0
[ 1689496ms] [WARNING] WebSocket connection to 'ws://localhost:3002/socket.io/?EIO=4&transport=websocket' failed: WebSocket is closed before the connection is established. @ https://three60-nfc-valet-admin.onrender.com/_next/static/chunks/692-46d5bb9e77fa1ebf.js:0
[ 1714507ms] [LOG] [WS] Connection error: timeout @ https://three60-nfc-valet-admin.onrender.com/_next/static/chunks/64-a6f154658988b61c.js:0
[ 1714508ms] [WARNING] WebSocket connection to 'ws://localhost:3002/socket.io/?EIO=4&transport=websocket' failed: WebSocket is closed before the connection is established. @ https://three60-nfc-valet-admin.onrender.com/_next/static/chunks/692-46d5bb9e77fa1ebf.js:0
[ 1739524ms] [LOG] [WS] Connection error: timeout @ https://three60-nfc-valet-admin.onrender.com/_next/static/chunks/64-a6f154658988b61c.js:0
[ 1739524ms] [WARNING] WebSocket connection to 'ws://localhost:3002/socket.io/?EIO=4&transport=websocket' failed: WebSocket is closed before the connection is established. @ https://three60-nfc-valet-admin.onrender.com/_next/static/chunks/692-46d5bb9e77fa1ebf.js:0
[ 1764555ms] [LOG] [WS] Connection error: timeout @ https://three60-nfc-valet-admin.onrender.com/_next/static/chunks/64-a6f154658988b61c.js:0
[ 1764556ms] [WARNING] WebSocket connection to 'ws://localhost:3002/socket.io/?EIO=4&transport=websocket' failed: WebSocket is closed before the connection is established. @ https://three60-nfc-valet-admin.onrender.com/_next/static/chunks/692-46d5bb9e77fa1ebf.js:0
[ 1789567ms] [LOG] [WS] Connection error: timeout @ https://three60-nfc-valet-admin.onrender.com/_next/static/chunks/64-a6f154658988b61c.js:0
[ 1789568ms] [WARNING] WebSocket connection to 'ws://localhost:3002/socket.io/?EIO=4&transport=websocket' failed: WebSocket is closed before the connection is established. @ https://three60-nfc-valet-admin.onrender.com/_next/static/chunks/692-46d5bb9e77fa1ebf.js:0
[ 1814590ms] [LOG] [WS] Connection error: timeout @ https://three60-nfc-valet-admin.onrender.com/_next/static/chunks/64-a6f154658988b61c.js:0
[ 1814590ms] [WARNING] WebSocket connection to 'ws://localhost:3002/socket.io/?EIO=4&transport=websocket' failed: WebSocket is closed before the connection is established. @ https://three60-nfc-valet-admin.onrender.com/_next/static/chunks/692-46d5bb9e77fa1ebf.js:0
[ 1839613ms] [LOG] [WS] Connection error: timeout @ https://three60-nfc-valet-admin.onrender.com/_next/static/chunks/64-a6f154658988b61c.js:0
[ 1839613ms] [WARNING] WebSocket connection to 'ws://localhost:3002/socket.io/?EIO=4&transport=websocket' failed: WebSocket is closed before the connection is established. @ https://three60-nfc-valet-admin.onrender.com/_next/static/chunks/692-46d5bb9e77fa1ebf.js:0
[ 1864624ms] [LOG] [WS] Connection error: timeout @ https://three60-nfc-valet-admin.onrender.com/_next/static/chunks/64-a6f154658988b61c.js:0
[ 1864624ms] [WARNING] WebSocket connection to 'ws://localhost:3002/socket.io/?EIO=4&transport=websocket' failed: WebSocket is closed before the connection is established. @ https://three60-nfc-valet-admin.onrender.com/_next/static/chunks/692-46d5bb9e77fa1ebf.js:0
[ 1889644ms] [LOG] [WS] Connection error: timeout @ https://three60-nfc-valet-admin.onrender.com/_next/static/chunks/64-a6f154658988b61c.js:0
[ 1889644ms] [WARNING] WebSocket connection to 'ws://localhost:3002/socket.io/?EIO=4&transport=websocket' failed: WebSocket is closed before the connection is established. @ https://three60-nfc-valet-admin.onrender.com/_next/static/chunks/692-46d5bb9e77fa1ebf.js:0
[ 1914660ms] [LOG] [WS] Connection error: timeout @ https://three60-nfc-valet-admin.onrender.com/_next/static/chunks/64-a6f154658988b61c.js:0
[ 1914661ms] [WARNING] WebSocket connection to 'ws://localhost:3002/socket.io/?EIO=4&transport=websocket' failed: WebSocket is closed before the connection is established. @ https://three60-nfc-valet-admin.onrender.com/_next/static/chunks/692-46d5bb9e77fa1ebf.js:0
[ 1939679ms] [LOG] [WS] Connection error: timeout @ https://three60-nfc-valet-admin.onrender.com/_next/static/chunks/64-a6f154658988b61c.js:0
[ 1939680ms] [WARNING] WebSocket connection to 'ws://localhost:3002/socket.io/?EIO=4&transport=websocket' failed: WebSocket is closed before the connection is established. @ https://three60-nfc-valet-admin.onrender.com/_next/static/chunks/692-46d5bb9e77fa1ebf.js:0
[ 1964697ms] [LOG] [WS] Connection error: timeout @ https://three60-nfc-valet-admin.onrender.com/_next/static/chunks/64-a6f154658988b61c.js:0
[ 1964698ms] [WARNING] WebSocket connection to 'ws://localhost:3002/socket.io/?EIO=4&transport=websocket' failed: WebSocket is closed before the connection is established. @ https://three60-nfc-valet-admin.onrender.com/_next/static/chunks/692-46d5bb9e77fa1ebf.js:0
[ 1989712ms] [LOG] [WS] Connection error: timeout @ https://three60-nfc-valet-admin.onrender.com/_next/static/chunks/64-a6f154658988b61c.js:0
[ 1989713ms] [WARNING] WebSocket connection to 'ws://localhost:3002/socket.io/?EIO=4&transport=websocket' failed: WebSocket is closed before the connection is established. @ https://three60-nfc-valet-admin.onrender.com/_next/static/chunks/692-46d5bb9e77fa1ebf.js:0
[ 2014729ms] [LOG] [WS] Connection error: timeout @ https://three60-nfc-valet-admin.onrender.com/_next/static/chunks/64-a6f154658988b61c.js:0
[ 2014729ms] [WARNING] WebSocket connection to 'ws://localhost:3002/socket.io/?EIO=4&transport=websocket' failed: WebSocket is closed before the connection is established. @ https://three60-nfc-valet-admin.onrender.com/_next/static/chunks/692-46d5bb9e77fa1ebf.js:0
[ 2039745ms] [LOG] [WS] Connection error: timeout @ https://three60-nfc-valet-admin.onrender.com/_next/static/chunks/64-a6f154658988b61c.js:0
[ 2039746ms] [WARNING] WebSocket connection to 'ws://localhost:3002/socket.io/?EIO=4&transport=websocket' failed: WebSocket is closed before the connection is established. @ https://three60-nfc-valet-admin.onrender.com/_next/static/chunks/692-46d5bb9e77fa1ebf.js:0
[ 2064762ms] [LOG] [WS] Connection error: timeout @ https://three60-nfc-valet-admin.onrender.com/_next/static/chunks/64-a6f154658988b61c.js:0
[ 2064762ms] [WARNING] WebSocket connection to 'ws://localhost:3002/socket.io/?EIO=4&transport=websocket' failed: WebSocket is closed before the connection is established. @ https://three60-nfc-valet-admin.onrender.com/_next/static/chunks/692-46d5bb9e77fa1ebf.js:0
[ 2089784ms] [LOG] [WS] Connection error: timeout @ https://three60-nfc-valet-admin.onrender.com/_next/static/chunks/64-a6f154658988b61c.js:0
[ 2089785ms] [WARNING] WebSocket connection to 'ws://localhost:3002/socket.io/?EIO=4&transport=websocket' failed: WebSocket is closed before the connection is established. @ https://three60-nfc-valet-admin.onrender.com/_next/static/chunks/692-46d5bb9e77fa1ebf.js:0
[ 2114798ms] [LOG] [WS] Connection error: timeout @ https://three60-nfc-valet-admin.onrender.com/_next/static/chunks/64-a6f154658988b61c.js:0
[ 2114798ms] [WARNING] WebSocket connection to 'ws://localhost:3002/socket.io/?EIO=4&transport=websocket' failed: WebSocket is closed before the connection is established. @ https://three60-nfc-valet-admin.onrender.com/_next/static/chunks/692-46d5bb9e77fa1ebf.js:0
[ 2139827ms] [LOG] [WS] Connection error: timeout @ https://three60-nfc-valet-admin.onrender.com/_next/static/chunks/64-a6f154658988b61c.js:0
[ 2139827ms] [WARNING] WebSocket connection to 'ws://localhost:3002/socket.io/?EIO=4&transport=websocket' failed: WebSocket is closed before the connection is established. @ https://three60-nfc-valet-admin.onrender.com/_next/static/chunks/692-46d5bb9e77fa1ebf.js:0
[ 2164832ms] [LOG] [WS] Connection error: timeout @ https://three60-nfc-valet-admin.onrender.com/_next/static/chunks/64-a6f154658988b61c.js:0
[ 2164832ms] [WARNING] WebSocket connection to 'ws://localhost:3002/socket.io/?EIO=4&transport=websocket' failed: WebSocket is closed before the connection is established. @ https://three60-nfc-valet-admin.onrender.com/_next/static/chunks/692-46d5bb9e77fa1ebf.js:0
[ 2189849ms] [LOG] [WS] Connection error: timeout @ https://three60-nfc-valet-admin.onrender.com/_next/static/chunks/64-a6f154658988b61c.js:0
[ 2189850ms] [WARNING] WebSocket connection to 'ws://localhost:3002/socket.io/?EIO=4&transport=websocket' failed: WebSocket is closed before the connection is established. @ https://three60-nfc-valet-admin.onrender.com/_next/static/chunks/692-46d5bb9e77fa1ebf.js:0
[ 2214860ms] [LOG] [WS] Connection error: timeout @ https://three60-nfc-valet-admin.onrender.com/_next/static/chunks/64-a6f154658988b61c.js:0
[ 2214860ms] [WARNING] WebSocket connection to 'ws://localhost:3002/socket.io/?EIO=4&transport=websocket' failed: WebSocket is closed before the connection is established. @ https://three60-nfc-valet-admin.onrender.com/_next/static/chunks/692-46d5bb9e77fa1ebf.js:0
[ 2239868ms] [LOG] [WS] Connection error: timeout @ https://three60-nfc-valet-admin.onrender.com/_next/static/chunks/64-a6f154658988b61c.js:0
[ 2239868ms] [WARNING] WebSocket connection to 'ws://localhost:3002/socket.io/?EIO=4&transport=websocket' failed: WebSocket is closed before the connection is established. @ https://three60-nfc-valet-admin.onrender.com/_next/static/chunks/692-46d5bb9e77fa1ebf.js:0
[ 2264882ms] [LOG] [WS] Connection error: timeout @ https://three60-nfc-valet-admin.onrender.com/_next/static/chunks/64-a6f154658988b61c.js:0
[ 2264882ms] [WARNING] WebSocket connection to 'ws://localhost:3002/socket.io/?EIO=4&transport=websocket' failed: WebSocket is closed before the connection is established. @ https://three60-nfc-valet-admin.onrender.com/_next/static/chunks/692-46d5bb9e77fa1ebf.js:0
[ 2289899ms] [LOG] [WS] Connection error: timeout @ https://three60-nfc-valet-admin.onrender.com/_next/static/chunks/64-a6f154658988b61c.js:0
[ 2289900ms] [WARNING] WebSocket connection to 'ws://localhost:3002/socket.io/?EIO=4&transport=websocket' failed: WebSocket is closed before the connection is established. @ https://three60-nfc-valet-admin.onrender.com/_next/static/chunks/692-46d5bb9e77fa1ebf.js:0
[ 2314903ms] [LOG] [WS] Connection error: timeout @ https://three60-nfc-valet-admin.onrender.com/_next/static/chunks/64-a6f154658988b61c.js:0
[ 2314903ms] [WARNING] WebSocket connection to 'ws://localhost:3002/socket.io/?EIO=4&transport=websocket' failed: WebSocket is closed before the connection is established. @ https://three60-nfc-valet-admin.onrender.com/_next/static/chunks/692-46d5bb9e77fa1ebf.js:0
[ 2339910ms] [LOG] [WS] Connection error: timeout @ https://three60-nfc-valet-admin.onrender.com/_next/static/chunks/64-a6f154658988b61c.js:0
[ 2339910ms] [WARNING] WebSocket connection to 'ws://localhost:3002/socket.io/?EIO=4&transport=websocket' failed: WebSocket is closed before the connection is established. @ https://three60-nfc-valet-admin.onrender.com/_next/static/chunks/692-46d5bb9e77fa1ebf.js:0
[ 2364926ms] [LOG] [WS] Connection error: timeout @ https://three60-nfc-valet-admin.onrender.com/_next/static/chunks/64-a6f154658988b61c.js:0
[ 2364926ms] [WARNING] WebSocket connection to 'ws://localhost:3002/socket.io/?EIO=4&transport=websocket' failed: WebSocket is closed before the connection is established. @ https://three60-nfc-valet-admin.onrender.com/_next/static/chunks/692-46d5bb9e77fa1ebf.js:0
[ 2389947ms] [LOG] [WS] Connection error: timeout @ https://three60-nfc-valet-admin.onrender.com/_next/static/chunks/64-a6f154658988b61c.js:0
[ 2389947ms] [WARNING] WebSocket connection to 'ws://localhost:3002/socket.io/?EIO=4&transport=websocket' failed: WebSocket is closed before the connection is established. @ https://three60-nfc-valet-admin.onrender.com/_next/static/chunks/692-46d5bb9e77fa1ebf.js:0
[ 2414956ms] [LOG] [WS] Connection error: timeout @ https://three60-nfc-valet-admin.onrender.com/_next/static/chunks/64-a6f154658988b61c.js:0
[ 2414957ms] [WARNING] WebSocket connection to 'ws://localhost:3002/socket.io/?EIO=4&transport=websocket' failed: WebSocket is closed before the connection is established. @ https://three60-nfc-valet-admin.onrender.com/_next/static/chunks/692-46d5bb9e77fa1ebf.js:0
[ 2439973ms] [LOG] [WS] Connection error: timeout @ https://three60-nfc-valet-admin.onrender.com/_next/static/chunks/64-a6f154658988b61c.js:0
[ 2439973ms] [WARNING] WebSocket connection to 'ws://localhost:3002/socket.io/?EIO=4&transport=websocket' failed: WebSocket is closed before the connection is established. @ https://three60-nfc-valet-admin.onrender.com/_next/static/chunks/692-46d5bb9e77fa1ebf.js:0
[ 2464995ms] [LOG] [WS] Connection error: timeout @ https://three60-nfc-valet-admin.onrender.com/_next/static/chunks/64-a6f154658988b61c.js:0
[ 2464995ms] [WARNING] WebSocket connection to 'ws://localhost:3002/socket.io/?EIO=4&transport=websocket' failed: WebSocket is closed before the connection is established. @ https://three60-nfc-valet-admin.onrender.com/_next/static/chunks/692-46d5bb9e77fa1ebf.js:0
[ 2490014ms] [LOG] [WS] Connection error: timeout @ https://three60-nfc-valet-admin.onrender.com/_next/static/chunks/64-a6f154658988b61c.js:0
[ 2490014ms] [WARNING] WebSocket connection to 'ws://localhost:3002/socket.io/?EIO=4&transport=websocket' failed: WebSocket is closed before the connection is established. @ https://three60-nfc-valet-admin.onrender.com/_next/static/chunks/692-46d5bb9e77fa1ebf.js:0
[ 2515028ms] [LOG] [WS] Connection error: timeout @ https://three60-nfc-valet-admin.onrender.com/_next/static/chunks/64-a6f154658988b61c.js:0
[ 2515028ms] [WARNING] WebSocket connection to 'ws://localhost:3002/socket.io/?EIO=4&transport=websocket' failed: WebSocket is closed before the connection is established. @ https://three60-nfc-valet-admin.onrender.com/_next/static/chunks/692-46d5bb9e77fa1ebf.js:0
[ 2540041ms] [LOG] [WS] Connection error: timeout @ https://three60-nfc-valet-admin.onrender.com/_next/static/chunks/64-a6f154658988b61c.js:0
[ 2540042ms] [WARNING] WebSocket connection to 'ws://localhost:3002/socket.io/?EIO=4&transport=websocket' failed: WebSocket is closed before the connection is established. @ https://three60-nfc-valet-admin.onrender.com/_next/static/chunks/692-46d5bb9e77fa1ebf.js:0
[ 2565063ms] [LOG] [WS] Connection error: timeout @ https://three60-nfc-valet-admin.onrender.com/_next/static/chunks/64-a6f154658988b61c.js:0
[ 2565064ms] [WARNING] WebSocket connection to 'ws://localhost:3002/socket.io/?EIO=4&transport=websocket' failed: WebSocket is closed before the connection is established. @ https://three60-nfc-valet-admin.onrender.com/_next/static/chunks/692-46d5bb9e77fa1ebf.js:0
[ 2590084ms] [LOG] [WS] Connection error: timeout @ https://three60-nfc-valet-admin.onrender.com/_next/static/chunks/64-a6f154658988b61c.js:0
[ 2590084ms] [WARNING] WebSocket connection to 'ws://localhost:3002/socket.io/?EIO=4&transport=websocket' failed: WebSocket is closed before the connection is established. @ https://three60-nfc-valet-admin.onrender.com/_next/static/chunks/692-46d5bb9e77fa1ebf.js:0
[ 2615099ms] [LOG] [WS] Connection error: timeout @ https://three60-nfc-valet-admin.onrender.com/_next/static/chunks/64-a6f154658988b61c.js:0
[ 2615099ms] [WARNING] WebSocket connection to 'ws://localhost:3002/socket.io/?EIO=4&transport=websocket' failed: WebSocket is closed before the connection is established. @ https://three60-nfc-valet-admin.onrender.com/_next/static/chunks/692-46d5bb9e77fa1ebf.js:0
[ 2640122ms] [LOG] [WS] Connection error: timeout @ https://three60-nfc-valet-admin.onrender.com/_next/static/chunks/64-a6f154658988b61c.js:0
[ 2640123ms] [WARNING] WebSocket connection to 'ws://localhost:3002/socket.io/?EIO=4&transport=websocket' failed: WebSocket is closed before the connection is established. @ https://three60-nfc-valet-admin.onrender.com/_next/static/chunks/692-46d5bb9e77fa1ebf.js:0
[ 2665145ms] [LOG] [WS] Connection error: timeout @ https://three60-nfc-valet-admin.onrender.com/_next/static/chunks/64-a6f154658988b61c.js:0
[ 2665146ms] [WARNING] WebSocket connection to 'ws://localhost:3002/socket.io/?EIO=4&transport=websocket' failed: WebSocket is closed before the connection is established. @ https://three60-nfc-valet-admin.onrender.com/_next/static/chunks/692-46d5bb9e77fa1ebf.js:0
[ 2690155ms] [LOG] [WS] Connection error: timeout @ https://three60-nfc-valet-admin.onrender.com/_next/static/chunks/64-a6f154658988b61c.js:0
[ 2690155ms] [WARNING] WebSocket connection to 'ws://localhost:3002/socket.io/?EIO=4&transport=websocket' failed: WebSocket is closed before the connection is established. @ https://three60-nfc-valet-admin.onrender.com/_next/static/chunks/692-46d5bb9e77fa1ebf.js:0
[ 2715165ms] [LOG] [WS] Connection error: timeout @ https://three60-nfc-valet-admin.onrender.com/_next/static/chunks/64-a6f154658988b61c.js:0
[ 2715166ms] [WARNING] WebSocket connection to 'ws://localhost:3002/socket.io/?EIO=4&transport=websocket' failed: WebSocket is closed before the connection is established. @ https://three60-nfc-valet-admin.onrender.com/_next/static/chunks/692-46d5bb9e77fa1ebf.js:0
[ 2740184ms] [LOG] [WS] Connection error: timeout @ https://three60-nfc-valet-admin.onrender.com/_next/static/chunks/64-a6f154658988b61c.js:0
[ 2740184ms] [WARNING] WebSocket connection to 'ws://localhost:3002/socket.io/?EIO=4&transport=websocket' failed: WebSocket is closed before the connection is established. @ https://three60-nfc-valet-admin.onrender.com/_next/static/chunks/692-46d5bb9e77fa1ebf.js:0
[ 2765201ms] [LOG] [WS] Connection error: timeout @ https://three60-nfc-valet-admin.onrender.com/_next/static/chunks/64-a6f154658988b61c.js:0
[ 2765201ms] [WARNING] WebSocket connection to 'ws://localhost:3002/socket.io/?EIO=4&transport=websocket' failed: WebSocket is closed before the connection is established. @ https://three60-nfc-valet-admin.onrender.com/_next/static/chunks/692-46d5bb9e77fa1ebf.js:0
[ 2790226ms] [LOG] [WS] Connection error: timeout @ https://three60-nfc-valet-admin.onrender.com/_next/static/chunks/64-a6f154658988b61c.js:0
[ 2790227ms] [WARNING] WebSocket connection to 'ws://localhost:3002/socket.io/?EIO=4&transport=websocket' failed: WebSocket is closed before the connection is established. @ https://three60-nfc-valet-admin.onrender.com/_next/static/chunks/692-46d5bb9e77fa1ebf.js:0
[ 2815245ms] [LOG] [WS] Connection error: timeout @ https://three60-nfc-valet-admin.onrender.com/_next/static/chunks/64-a6f154658988b61c.js:0
[ 2815246ms] [WARNING] WebSocket connection to 'ws://localhost:3002/socket.io/?EIO=4&transport=websocket' failed: WebSocket is closed before the connection is established. @ https://three60-nfc-valet-admin.onrender.com/_next/static/chunks/692-46d5bb9e77fa1ebf.js:0
[ 2840269ms] [LOG] [WS] Connection error: timeout @ https://three60-nfc-valet-admin.onrender.com/_next/static/chunks/64-a6f154658988b61c.js:0
[ 2840269ms] [WARNING] WebSocket connection to 'ws://localhost:3002/socket.io/?EIO=4&transport=websocket' failed: WebSocket is closed before the connection is established. @ https://three60-nfc-valet-admin.onrender.com/_next/static/chunks/692-46d5bb9e77fa1ebf.js:0
[ 2865287ms] [LOG] [WS] Connection error: timeout @ https://three60-nfc-valet-admin.onrender.com/_next/static/chunks/64-a6f154658988b61c.js:0
[ 2865287ms] [WARNING] WebSocket connection to 'ws://localhost:3002/socket.io/?EIO=4&transport=websocket' failed: WebSocket is closed before the connection is established. @ https://three60-nfc-valet-admin.onrender.com/_next/static/chunks/692-46d5bb9e77fa1ebf.js:0
[ 2890307ms] [LOG] [WS] Connection error: timeout @ https://three60-nfc-valet-admin.onrender.com/_next/static/chunks/64-a6f154658988b61c.js:0
[ 2890308ms] [WARNING] WebSocket connection to 'ws://localhost:3002/socket.io/?EIO=4&transport=websocket' failed: WebSocket is closed before the connection is established. @ https://three60-nfc-valet-admin.onrender.com/_next/static/chunks/692-46d5bb9e77fa1ebf.js:0
[ 2915334ms] [LOG] [WS] Connection error: timeout @ https://three60-nfc-valet-admin.onrender.com/_next/static/chunks/64-a6f154658988b61c.js:0
[ 2915334ms] [WARNING] WebSocket connection to 'ws://localhost:3002/socket.io/?EIO=4&transport=websocket' failed: WebSocket is closed before the connection is established. @ https://three60-nfc-valet-admin.onrender.com/_next/static/chunks/692-46d5bb9e77fa1ebf.js:0
[ 2940354ms] [LOG] [WS] Connection error: timeout @ https://three60-nfc-valet-admin.onrender.com/_next/static/chunks/64-a6f154658988b61c.js:0
[ 2940354ms] [WARNING] WebSocket connection to 'ws://localhost:3002/socket.io/?EIO=4&transport=websocket' failed: WebSocket is closed before the connection is established. @ https://three60-nfc-valet-admin.onrender.com/_next/static/chunks/692-46d5bb9e77fa1ebf.js:0
[ 2965366ms] [LOG] [WS] Connection error: timeout @ https://three60-nfc-valet-admin.onrender.com/_next/static/chunks/64-a6f154658988b61c.js:0
[ 2965367ms] [WARNING] WebSocket connection to 'ws://localhost:3002/socket.io/?EIO=4&transport=websocket' failed: WebSocket is closed before the connection is established. @ https://three60-nfc-valet-admin.onrender.com/_next/static/chunks/692-46d5bb9e77fa1ebf.js:0
[ 2990393ms] [LOG] [WS] Connection error: timeout @ https://three60-nfc-valet-admin.onrender.com/_next/static/chunks/64-a6f154658988b61c.js:0
[ 2990393ms] [WARNING] WebSocket connection to 'ws://localhost:3002/socket.io/?EIO=4&transport=websocket' failed: WebSocket is closed before the connection is established. @ https://three60-nfc-valet-admin.onrender.com/_next/static/chunks/692-46d5bb9e77fa1ebf.js:0
[ 3015403ms] [LOG] [WS] Connection error: timeout @ https://three60-nfc-valet-admin.onrender.com/_next/static/chunks/64-a6f154658988b61c.js:0
[ 3015403ms] [WARNING] WebSocket connection to 'ws://localhost:3002/socket.io/?EIO=4&transport=websocket' failed: WebSocket is closed before the connection is established. @ https://three60-nfc-valet-admin.onrender.com/_next/static/chunks/692-46d5bb9e77fa1ebf.js:0
[ 3040425ms] [LOG] [WS] Connection error: timeout @ https://three60-nfc-valet-admin.onrender.com/_next/static/chunks/64-a6f154658988b61c.js:0
[ 3040425ms] [WARNING] WebSocket connection to 'ws://localhost:3002/socket.io/?EIO=4&transport=websocket' failed: WebSocket is closed before the connection is established. @ https://three60-nfc-valet-admin.onrender.com/_next/static/chunks/692-46d5bb9e77fa1ebf.js:0
[ 3065435ms] [LOG] [WS] Connection error: timeout @ https://three60-nfc-valet-admin.onrender.com/_next/static/chunks/64-a6f154658988b61c.js:0
[ 3065435ms] [WARNING] WebSocket connection to 'ws://localhost:3002/socket.io/?EIO=4&transport=websocket' failed: WebSocket is closed before the connection is established. @ https://three60-nfc-valet-admin.onrender.com/_next/static/chunks/692-46d5bb9e77fa1ebf.js:0
[ 3090451ms] [LOG] [WS] Connection error: timeout @ https://three60-nfc-valet-admin.onrender.com/_next/static/chunks/64-a6f154658988b61c.js:0
[ 3090451ms] [WARNING] WebSocket connection to 'ws://localhost:3002/socket.io/?EIO=4&transport=websocket' failed: WebSocket is closed before the connection is established. @ https://three60-nfc-valet-admin.onrender.com/_next/static/chunks/692-46d5bb9e77fa1ebf.js:0
[ 3115468ms] [LOG] [WS] Connection error: timeout @ https://three60-nfc-valet-admin.onrender.com/_next/static/chunks/64-a6f154658988b61c.js:0
[ 3115468ms] [WARNING] WebSocket connection to 'ws://localhost:3002/socket.io/?EIO=4&transport=websocket' failed: WebSocket is closed before the connection is established. @ https://three60-nfc-valet-admin.onrender.com/_next/static/chunks/692-46d5bb9e77fa1ebf.js:0
[ 3140497ms] [LOG] [WS] Connection error: timeout @ https://three60-nfc-valet-admin.onrender.com/_next/static/chunks/64-a6f154658988b61c.js:0
[ 3140497ms] [WARNING] WebSocket connection to 'ws://localhost:3002/socket.io/?EIO=4&transport=websocket' failed: WebSocket is closed before the connection is established. @ https://three60-nfc-valet-admin.onrender.com/_next/static/chunks/692-46d5bb9e77fa1ebf.js:0
[ 3165517ms] [LOG] [WS] Connection error: timeout @ https://three60-nfc-valet-admin.onrender.com/_next/static/chunks/64-a6f154658988b61c.js:0
[ 3165517ms] [WARNING] WebSocket connection to 'ws://localhost:3002/socket.io/?EIO=4&transport=websocket' failed: WebSocket is closed before the connection is established. @ https://three60-nfc-valet-admin.onrender.com/_next/static/chunks/692-46d5bb9e77fa1ebf.js:0
[ 3190535ms] [LOG] [WS] Connection error: timeout @ https://three60-nfc-valet-admin.onrender.com/_next/static/chunks/64-a6f154658988b61c.js:0
[ 3190535ms] [WARNING] WebSocket connection to 'ws://localhost:3002/socket.io/?EIO=4&transport=websocket' failed: WebSocket is closed before the connection is established. @ https://three60-nfc-valet-admin.onrender.com/_next/static/chunks/692-46d5bb9e77fa1ebf.js:0
[ 3215544ms] [LOG] [WS] Connection error: timeout @ https://three60-nfc-valet-admin.onrender.com/_next/static/chunks/64-a6f154658988b61c.js:0
[ 3215544ms] [WARNING] WebSocket connection to 'ws://localhost:3002/socket.io/?EIO=4&transport=websocket' failed: WebSocket is closed before the connection is established. @ https://three60-nfc-valet-admin.onrender.com/_next/static/chunks/692-46d5bb9e77fa1ebf.js:0
[ 3240553ms] [LOG] [WS] Connection error: timeout @ https://three60-nfc-valet-admin.onrender.com/_next/static/chunks/64-a6f154658988b61c.js:0
[ 3240554ms] [WARNING] WebSocket connection to 'ws://localhost:3002/socket.io/?EIO=4&transport=websocket' failed: WebSocket is closed before the connection is established. @ https://three60-nfc-valet-admin.onrender.com/_next/static/chunks/692-46d5bb9e77fa1ebf.js:0
[ 3265570ms] [LOG] [WS] Connection error: timeout @ https://three60-nfc-valet-admin.onrender.com/_next/static/chunks/64-a6f154658988b61c.js:0
[ 3265570ms] [WARNING] WebSocket connection to 'ws://localhost:3002/socket.io/?EIO=4&transport=websocket' failed: WebSocket is closed before the connection is established. @ https://three60-nfc-valet-admin.onrender.com/_next/static/chunks/692-46d5bb9e77fa1ebf.js:0
[ 3290586ms] [LOG] [WS] Connection error: timeout @ https://three60-nfc-valet-admin.onrender.com/_next/static/chunks/64-a6f154658988b61c.js:0
[ 3290586ms] [WARNING] WebSocket connection to 'ws://localhost:3002/socket.io/?EIO=4&transport=websocket' failed: WebSocket is closed before the connection is established. @ https://three60-nfc-valet-admin.onrender.com/_next/static/chunks/692-46d5bb9e77fa1ebf.js:0
[ 3315599ms] [LOG] [WS] Connection error: timeout @ https://three60-nfc-valet-admin.onrender.com/_next/static/chunks/64-a6f154658988b61c.js:0
[ 3315600ms] [WARNING] WebSocket connection to 'ws://localhost:3002/socket.io/?EIO=4&transport=websocket' failed: WebSocket is closed before the connection is established. @ https://three60-nfc-valet-admin.onrender.com/_next/static/chunks/692-46d5bb9e77fa1ebf.js:0
[ 3340625ms] [LOG] [WS] Connection error: timeout @ https://three60-nfc-valet-admin.onrender.com/_next/static/chunks/64-a6f154658988b61c.js:0
[ 3340625ms] [WARNING] WebSocket connection to 'ws://localhost:3002/socket.io/?EIO=4&transport=websocket' failed: WebSocket is closed before the connection is established. @ https://three60-nfc-valet-admin.onrender.com/_next/static/chunks/692-46d5bb9e77fa1ebf.js:0
[ 3365648ms] [LOG] [WS] Connection error: timeout @ https://three60-nfc-valet-admin.onrender.com/_next/static/chunks/64-a6f154658988b61c.js:0
[ 3365649ms] [WARNING] WebSocket connection to 'ws://localhost:3002/socket.io/?EIO=4&transport=websocket' failed: WebSocket is closed before the connection is established. @ https://three60-nfc-valet-admin.onrender.com/_next/static/chunks/692-46d5bb9e77fa1ebf.js:0
[ 3390661ms] [LOG] [WS] Connection error: timeout @ https://three60-nfc-valet-admin.onrender.com/_next/static/chunks/64-a6f154658988b61c.js:0
[ 3390661ms] [WARNING] WebSocket connection to 'ws://localhost:3002/socket.io/?EIO=4&transport=websocket' failed: WebSocket is closed before the connection is established. @ https://three60-nfc-valet-admin.onrender.com/_next/static/chunks/692-46d5bb9e77fa1ebf.js:0
[ 3415691ms] [LOG] [WS] Connection error: timeout @ https://three60-nfc-valet-admin.onrender.com/_next/static/chunks/64-a6f154658988b61c.js:0
[ 3415692ms] [WARNING] WebSocket connection to 'ws://localhost:3002/socket.io/?EIO=4&transport=websocket' failed: WebSocket is closed before the connection is established. @ https://three60-nfc-valet-admin.onrender.com/_next/static/chunks/692-46d5bb9e77fa1ebf.js:0
[ 3440703ms] [LOG] [WS] Connection error: timeout @ https://three60-nfc-valet-admin.onrender.com/_next/static/chunks/64-a6f154658988b61c.js:0
[ 3440704ms] [WARNING] WebSocket connection to 'ws://localhost:3002/socket.io/?EIO=4&transport=websocket' failed: WebSocket is closed before the connection is established. @ https://three60-nfc-valet-admin.onrender.com/_next/static/chunks/692-46d5bb9e77fa1ebf.js:0
[ 3465723ms] [LOG] [WS] Connection error: timeout @ https://three60-nfc-valet-admin.onrender.com/_next/static/chunks/64-a6f154658988b61c.js:0
[ 3465723ms] [WARNING] WebSocket connection to 'ws://localhost:3002/socket.io/?EIO=4&transport=websocket' failed: WebSocket is closed before the connection is established. @ https://three60-nfc-valet-admin.onrender.com/_next/static/chunks/692-46d5bb9e77fa1ebf.js:0
[ 3490745ms] [LOG] [WS] Connection error: timeout @ https://three60-nfc-valet-admin.onrender.com/_next/static/chunks/64-a6f154658988b61c.js:0
[ 3490745ms] [WARNING] WebSocket connection to 'ws://localhost:3002/socket.io/?EIO=4&transport=websocket' failed: WebSocket is closed before the connection is established. @ https://three60-nfc-valet-admin.onrender.com/_next/static/chunks/692-46d5bb9e77fa1ebf.js:0
[ 3515763ms] [LOG] [WS] Connection error: timeout @ https://three60-nfc-valet-admin.onrender.com/_next/static/chunks/64-a6f154658988b61c.js:0
[ 3515763ms] [WARNING] WebSocket connection to 'ws://localhost:3002/socket.io/?EIO=4&transport=websocket' failed: WebSocket is closed before the connection is established. @ https://three60-nfc-valet-admin.onrender.com/_next/static/chunks/692-46d5bb9e77fa1ebf.js:0
[ 3540778ms] [LOG] [WS] Connection error: timeout @ https://three60-nfc-valet-admin.onrender.com/_next/static/chunks/64-a6f154658988b61c.js:0
[ 3540778ms] [WARNING] WebSocket connection to 'ws://localhost:3002/socket.io/?EIO=4&transport=websocket' failed: WebSocket is closed before the connection is established. @ https://three60-nfc-valet-admin.onrender.com/_next/static/chunks/692-46d5bb9e77fa1ebf.js:0
[ 3565804ms] [LOG] [WS] Connection error: timeout @ https://three60-nfc-valet-admin.onrender.com/_next/static/chunks/64-a6f154658988b61c.js:0
[ 3565804ms] [WARNING] WebSocket connection to 'ws://localhost:3002/socket.io/?EIO=4&transport=websocket' failed: WebSocket is closed before the connection is established. @ https://three60-nfc-valet-admin.onrender.com/_next/static/chunks/692-46d5bb9e77fa1ebf.js:0
[ 3590823ms] [LOG] [WS] Connection error: timeout @ https://three60-nfc-valet-admin.onrender.com/_next/static/chunks/64-a6f154658988b61c.js:0
[ 3590824ms] [WARNING] WebSocket connection to 'ws://localhost:3002/socket.io/?EIO=4&transport=websocket' failed: WebSocket is closed before the connection is established. @ https://three60-nfc-valet-admin.onrender.com/_next/static/chunks/692-46d5bb9e77fa1ebf.js:0
[ 3615834ms] [LOG] [WS] Connection error: timeout @ https://three60-nfc-valet-admin.onrender.com/_next/static/chunks/64-a6f154658988b61c.js:0
[ 3615834ms] [WARNING] WebSocket connection to 'ws://localhost:3002/socket.io/?EIO=4&transport=websocket' failed: WebSocket is closed before the connection is established. @ https://three60-nfc-valet-admin.onrender.com/_next/static/chunks/692-46d5bb9e77fa1ebf.js:0
[ 3640850ms] [LOG] [WS] Connection error: timeout @ https://three60-nfc-valet-admin.onrender.com/_next/static/chunks/64-a6f154658988b61c.js:0
[ 3640851ms] [WARNING] WebSocket connection to 'ws://localhost:3002/socket.io/?EIO=4&transport=websocket' failed: WebSocket is closed before the connection is established. @ https://three60-nfc-valet-admin.onrender.com/_next/static/chunks/692-46d5bb9e77fa1ebf.js:0
[ 3665876ms] [LOG] [WS] Connection error: timeout @ https://three60-nfc-valet-admin.onrender.com/_next/static/chunks/64-a6f154658988b61c.js:0
[ 3665877ms] [WARNING] WebSocket connection to 'ws://localhost:3002/socket.io/?EIO=4&transport=websocket' failed: WebSocket is closed before the connection is established. @ https://three60-nfc-valet-admin.onrender.com/_next/static/chunks/692-46d5bb9e77fa1ebf.js:0
[ 3690895ms] [LOG] [WS] Connection error: timeout @ https://three60-nfc-valet-admin.onrender.com/_next/static/chunks/64-a6f154658988b61c.js:0
[ 3690896ms] [WARNING] WebSocket connection to 'ws://localhost:3002/socket.io/?EIO=4&transport=websocket' failed: WebSocket is closed before the connection is established. @ https://three60-nfc-valet-admin.onrender.com/_next/static/chunks/692-46d5bb9e77fa1ebf.js:0
[ 3715918ms] [LOG] [WS] Connection error: timeout @ https://three60-nfc-valet-admin.onrender.com/_next/static/chunks/64-a6f154658988b61c.js:0
[ 3715919ms] [WARNING] WebSocket connection to 'ws://localhost:3002/socket.io/?EIO=4&transport=websocket' failed: WebSocket is closed before the connection is established. @ https://three60-nfc-valet-admin.onrender.com/_next/static/chunks/692-46d5bb9e77fa1ebf.js:0
[ 3740923ms] [LOG] [WS] Connection error: timeout @ https://three60-nfc-valet-admin.onrender.com/_next/static/chunks/64-a6f154658988b61c.js:0
[ 3740924ms] [WARNING] WebSocket connection to 'ws://localhost:3002/socket.io/?EIO=4&transport=websocket' failed: WebSocket is closed before the connection is established. @ https://three60-nfc-valet-admin.onrender.com/_next/static/chunks/692-46d5bb9e77fa1ebf.js:0
[ 3765931ms] [LOG] [WS] Connection error: timeout @ https://three60-nfc-valet-admin.onrender.com/_next/static/chunks/64-a6f154658988b61c.js:0
[ 3765931ms] [WARNING] WebSocket connection to 'ws://localhost:3002/socket.io/?EIO=4&transport=websocket' failed: WebSocket is closed before the connection is established. @ https://three60-nfc-valet-admin.onrender.com/_next/static/chunks/692-46d5bb9e77fa1ebf.js:0
[ 3790962ms] [LOG] [WS] Connection error: timeout @ https://three60-nfc-valet-admin.onrender.com/_next/static/chunks/64-a6f154658988b61c.js:0
[ 3790963ms] [WARNING] WebSocket connection to 'ws://localhost:3002/socket.io/?EIO=4&transport=websocket' failed: WebSocket is closed before the connection is established. @ https://three60-nfc-valet-admin.onrender.com/_next/static/chunks/692-46d5bb9e77fa1ebf.js:0
[ 3815982ms] [LOG] [WS] Connection error: timeout @ https://three60-nfc-valet-admin.onrender.com/_next/static/chunks/64-a6f154658988b61c.js:0
[ 3815983ms] [WARNING] WebSocket connection to 'ws://localhost:3002/socket.io/?EIO=4&transport=websocket' failed: WebSocket is closed before the connection is established. @ https://three60-nfc-valet-admin.onrender.com/_next/static/chunks/692-46d5bb9e77fa1ebf.js:0
[ 3841010ms] [LOG] [WS] Connection error: timeout @ https://three60-nfc-valet-admin.onrender.com/_next/static/chunks/64-a6f154658988b61c.js:0
[ 3841011ms] [WARNING] WebSocket connection to 'ws://localhost:3002/socket.io/?EIO=4&transport=websocket' failed: WebSocket is closed before the connection is established. @ https://three60-nfc-valet-admin.onrender.com/_next/static/chunks/692-46d5bb9e77fa1ebf.js:0
[ 3866030ms] [LOG] [WS] Connection error: timeout @ https://three60-nfc-valet-admin.onrender.com/_next/static/chunks/64-a6f154658988b61c.js:0
[ 3866031ms] [WARNING] WebSocket connection to 'ws://localhost:3002/socket.io/?EIO=4&transport=websocket' failed: WebSocket is closed before the connection is established. @ https://three60-nfc-valet-admin.onrender.com/_next/static/chunks/692-46d5bb9e77fa1ebf.js:0
[ 3891052ms] [LOG] [WS] Connection error: timeout @ https://three60-nfc-valet-admin.onrender.com/_next/static/chunks/64-a6f154658988b61c.js:0
[ 3891053ms] [WARNING] WebSocket connection to 'ws://localhost:3002/socket.io/?EIO=4&transport=websocket' failed: WebSocket is closed before the connection is established. @ https://three60-nfc-valet-admin.onrender.com/_next/static/chunks/692-46d5bb9e77fa1ebf.js:0
[ 3916073ms] [LOG] [WS] Connection error: timeout @ https://three60-nfc-valet-admin.onrender.com/_next/static/chunks/64-a6f154658988b61c.js:0
[ 3916074ms] [WARNING] WebSocket connection to 'ws://localhost:3002/socket.io/?EIO=4&transport=websocket' failed: WebSocket is closed before the connection is established. @ https://three60-nfc-valet-admin.onrender.com/_next/static/chunks/692-46d5bb9e77fa1ebf.js:0
[ 3941084ms] [LOG] [WS] Connection error: timeout @ https://three60-nfc-valet-admin.onrender.com/_next/static/chunks/64-a6f154658988b61c.js:0
[ 3941085ms] [WARNING] WebSocket connection to 'ws://localhost:3002/socket.io/?EIO=4&transport=websocket' failed: WebSocket is closed before the connection is established. @ https://three60-nfc-valet-admin.onrender.com/_next/static/chunks/692-46d5bb9e77fa1ebf.js:0
[ 3966092ms] [LOG] [WS] Connection error: timeout @ https://three60-nfc-valet-admin.onrender.com/_next/static/chunks/64-a6f154658988b61c.js:0
[ 3966093ms] [WARNING] WebSocket connection to 'ws://localhost:3002/socket.io/?EIO=4&transport=websocket' failed: WebSocket is closed before the connection is established. @ https://three60-nfc-valet-admin.onrender.com/_next/static/chunks/692-46d5bb9e77fa1ebf.js:0
[ 3991113ms] [LOG] [WS] Connection error: timeout @ https://three60-nfc-valet-admin.onrender.com/_next/static/chunks/64-a6f154658988b61c.js:0
[ 3991114ms] [WARNING] WebSocket connection to 'ws://localhost:3002/socket.io/?EIO=4&transport=websocket' failed: WebSocket is closed before the connection is established. @ https://three60-nfc-valet-admin.onrender.com/_next/static/chunks/692-46d5bb9e77fa1ebf.js:0
[ 4016123ms] [LOG] [WS] Connection error: timeout @ https://three60-nfc-valet-admin.onrender.com/_next/static/chunks/64-a6f154658988b61c.js:0
[ 4016123ms] [WARNING] WebSocket connection to 'ws://localhost:3002/socket.io/?EIO=4&transport=websocket' failed: WebSocket is closed before the connection is established. @ https://three60-nfc-valet-admin.onrender.com/_next/static/chunks/692-46d5bb9e77fa1ebf.js:0
[ 4041137ms] [LOG] [WS] Connection error: timeout @ https://three60-nfc-valet-admin.onrender.com/_next/static/chunks/64-a6f154658988b61c.js:0
[ 4041137ms] [WARNING] WebSocket connection to 'ws://localhost:3002/socket.io/?EIO=4&transport=websocket' failed: WebSocket is closed before the connection is established. @ https://three60-nfc-valet-admin.onrender.com/_next/static/chunks/692-46d5bb9e77fa1ebf.js:0
[ 4066161ms] [LOG] [WS] Connection error: timeout @ https://three60-nfc-valet-admin.onrender.com/_next/static/chunks/64-a6f154658988b61c.js:0
[ 4066162ms] [WARNING] WebSocket connection to 'ws://localhost:3002/socket.io/?EIO=4&transport=websocket' failed: WebSocket is closed before the connection is established. @ https://three60-nfc-valet-admin.onrender.com/_next/static/chunks/692-46d5bb9e77fa1ebf.js:0
[ 4091176ms] [LOG] [WS] Connection error: timeout @ https://three60-nfc-valet-admin.onrender.com/_next/static/chunks/64-a6f154658988b61c.js:0
[ 4091176ms] [WARNING] WebSocket connection to 'ws://localhost:3002/socket.io/?EIO=4&transport=websocket' failed: WebSocket is closed before the connection is established. @ https://three60-nfc-valet-admin.onrender.com/_next/static/chunks/692-46d5bb9e77fa1ebf.js:0
[ 4116192ms] [LOG] [WS] Connection error: timeout @ https://three60-nfc-valet-admin.onrender.com/_next/static/chunks/64-a6f154658988b61c.js:0
[ 4116193ms] [WARNING] WebSocket connection to 'ws://localhost:3002/socket.io/?EIO=4&transport=websocket' failed: WebSocket is closed before the connection is established. @ https://three60-nfc-valet-admin.onrender.com/_next/static/chunks/692-46d5bb9e77fa1ebf.js:0
[ 4141207ms] [LOG] [WS] Connection error: timeout @ https://three60-nfc-valet-admin.onrender.com/_next/static/chunks/64-a6f154658988b61c.js:0
[ 4141208ms] [WARNING] WebSocket connection to 'ws://localhost:3002/socket.io/?EIO=4&transport=websocket' failed: WebSocket is closed before the connection is established. @ https://three60-nfc-valet-admin.onrender.com/_next/static/chunks/692-46d5bb9e77fa1ebf.js:0
[ 4166220ms] [LOG] [WS] Connection error: timeout @ https://three60-nfc-valet-admin.onrender.com/_next/static/chunks/64-a6f154658988b61c.js:0
[ 4166220ms] [WARNING] WebSocket connection to 'ws://localhost:3002/socket.io/?EIO=4&transport=websocket' failed: WebSocket is closed before the connection is established. @ https://three60-nfc-valet-admin.onrender.com/_next/static/chunks/692-46d5bb9e77fa1ebf.js:0
[ 4191242ms] [LOG] [WS] Connection error: timeout @ https://three60-nfc-valet-admin.onrender.com/_next/static/chunks/64-a6f154658988b61c.js:0
[ 4191242ms] [WARNING] WebSocket connection to 'ws://localhost:3002/socket.io/?EIO=4&transport=websocket' failed: WebSocket is closed before the connection is established. @ https://three60-nfc-valet-admin.onrender.com/_next/static/chunks/692-46d5bb9e77fa1ebf.js:0
[ 4216267ms] [LOG] [WS] Connection error: timeout @ https://three60-nfc-valet-admin.onrender.com/_next/static/chunks/64-a6f154658988b61c.js:0
[ 4216268ms] [WARNING] WebSocket connection to 'ws://localhost:3002/socket.io/?EIO=4&transport=websocket' failed: WebSocket is closed before the connection is established. @ https://three60-nfc-valet-admin.onrender.com/_next/static/chunks/692-46d5bb9e77fa1ebf.js:0
[ 4241273ms] [LOG] [WS] Connection error: timeout @ https://three60-nfc-valet-admin.onrender.com/_next/static/chunks/64-a6f154658988b61c.js:0
[ 4241274ms] [WARNING] WebSocket connection to 'ws://localhost:3002/socket.io/?EIO=4&transport=websocket' failed: WebSocket is closed before the connection is established. @ https://three60-nfc-valet-admin.onrender.com/_next/static/chunks/692-46d5bb9e77fa1ebf.js:0
[ 4266300ms] [LOG] [WS] Connection error: timeout @ https://three60-nfc-valet-admin.onrender.com/_next/static/chunks/64-a6f154658988b61c.js:0
[ 4266301ms] [WARNING] WebSocket connection to 'ws://localhost:3002/socket.io/?EIO=4&transport=websocket' failed: WebSocket is closed before the connection is established. @ https://three60-nfc-valet-admin.onrender.com/_next/static/chunks/692-46d5bb9e77fa1ebf.js:0
[ 4291310ms] [LOG] [WS] Connection error: timeout @ https://three60-nfc-valet-admin.onrender.com/_next/static/chunks/64-a6f154658988b61c.js:0
[ 4291310ms] [WARNING] WebSocket connection to 'ws://localhost:3002/socket.io/?EIO=4&transport=websocket' failed: WebSocket is closed before the connection is established. @ https://three60-nfc-valet-admin.onrender.com/_next/static/chunks/692-46d5bb9e77fa1ebf.js:0
[ 4316325ms] [LOG] [WS] Connection error: timeout @ https://three60-nfc-valet-admin.onrender.com/_next/static/chunks/64-a6f154658988b61c.js:0
[ 4316326ms] [WARNING] WebSocket connection to 'ws://localhost:3002/socket.io/?EIO=4&transport=websocket' failed: WebSocket is closed before the connection is established. @ https://three60-nfc-valet-admin.onrender.com/_next/static/chunks/692-46d5bb9e77fa1ebf.js:0
[ 4341347ms] [LOG] [WS] Connection error: timeout @ https://three60-nfc-valet-admin.onrender.com/_next/static/chunks/64-a6f154658988b61c.js:0
[ 4341347ms] [WARNING] WebSocket connection to 'ws://localhost:3002/socket.io/?EIO=4&transport=websocket' failed: WebSocket is closed before the connection is established. @ https://three60-nfc-valet-admin.onrender.com/_next/static/chunks/692-46d5bb9e77fa1ebf.js:0
[ 4366365ms] [LOG] [WS] Connection error: timeout @ https://three60-nfc-valet-admin.onrender.com/_next/static/chunks/64-a6f154658988b61c.js:0
[ 4366365ms] [WARNING] WebSocket connection to 'ws://localhost:3002/socket.io/?EIO=4&transport=websocket' failed: WebSocket is closed before the connection is established. @ https://three60-nfc-valet-admin.onrender.com/_next/static/chunks/692-46d5bb9e77fa1ebf.js:0
[ 4391375ms] [LOG] [WS] Connection error: timeout @ https://three60-nfc-valet-admin.onrender.com/_next/static/chunks/64-a6f154658988b61c.js:0
[ 4391375ms] [WARNING] WebSocket connection to 'ws://localhost:3002/socket.io/?EIO=4&transport=websocket' failed: WebSocket is closed before the connection is established. @ https://three60-nfc-valet-admin.onrender.com/_next/static/chunks/692-46d5bb9e77fa1ebf.js:0
[ 4416391ms] [LOG] [WS] Connection error: timeout @ https://three60-nfc-valet-admin.onrender.com/_next/static/chunks/64-a6f154658988b61c.js:0
[ 4416391ms] [WARNING] WebSocket connection to 'ws://localhost:3002/socket.io/?EIO=4&transport=websocket' failed: WebSocket is closed before the connection is established. @ https://three60-nfc-valet-admin.onrender.com/_next/static/chunks/692-46d5bb9e77fa1ebf.js:0
[ 4441409ms] [LOG] [WS] Connection error: timeout @ https://three60-nfc-valet-admin.onrender.com/_next/static/chunks/64-a6f154658988b61c.js:0
[ 4441409ms] [WARNING] WebSocket connection to 'ws://localhost:3002/socket.io/?EIO=4&transport=websocket' failed: WebSocket is closed before the connection is established. @ https://three60-nfc-valet-admin.onrender.com/_next/static/chunks/692-46d5bb9e77fa1ebf.js:0
[ 4466425ms] [LOG] [WS] Connection error: timeout @ https://three60-nfc-valet-admin.onrender.com/_next/static/chunks/64-a6f154658988b61c.js:0
[ 4466425ms] [WARNING] WebSocket connection to 'ws://localhost:3002/socket.io/?EIO=4&transport=websocket' failed: WebSocket is closed before the connection is established. @ https://three60-nfc-valet-admin.onrender.com/_next/static/chunks/692-46d5bb9e77fa1ebf.js:0
[ 4491441ms] [LOG] [WS] Connection error: timeout @ https://three60-nfc-valet-admin.onrender.com/_next/static/chunks/64-a6f154658988b61c.js:0
[ 4491441ms] [WARNING] WebSocket connection to 'ws://localhost:3002/socket.io/?EIO=4&transport=websocket' failed: WebSocket is closed before the connection is established. @ https://three60-nfc-valet-admin.onrender.com/_next/static/chunks/692-46d5bb9e77fa1ebf.js:0
[ 4516458ms] [LOG] [WS] Connection error: timeout @ https://three60-nfc-valet-admin.onrender.com/_next/static/chunks/64-a6f154658988b61c.js:0
[ 4516460ms] [WARNING] WebSocket connection to 'ws://localhost:3002/socket.io/?EIO=4&transport=websocket' failed: WebSocket is closed before the connection is established. @ https://three60-nfc-valet-admin.onrender.com/_next/static/chunks/692-46d5bb9e77fa1ebf.js:0
[ 4541473ms] [LOG] [WS] Connection error: timeout @ https://three60-nfc-valet-admin.onrender.com/_next/static/chunks/64-a6f154658988b61c.js:0
[ 4541473ms] [WARNING] WebSocket connection to 'ws://localhost:3002/socket.io/?EIO=4&transport=websocket' failed: WebSocket is closed before the connection is established. @ https://three60-nfc-valet-admin.onrender.com/_next/static/chunks/692-46d5bb9e77fa1ebf.js:0
[ 4566490ms] [LOG] [WS] Connection error: timeout @ https://three60-nfc-valet-admin.onrender.com/_next/static/chunks/64-a6f154658988b61c.js:0
[ 4566490ms] [WARNING] WebSocket connection to 'ws://localhost:3002/socket.io/?EIO=4&transport=websocket' failed: WebSocket is closed before the connection is established. @ https://three60-nfc-valet-admin.onrender.com/_next/static/chunks/692-46d5bb9e77fa1ebf.js:0
[ 4591516ms] [LOG] [WS] Connection error: timeout @ https://three60-nfc-valet-admin.onrender.com/_next/static/chunks/64-a6f154658988b61c.js:0
[ 4591516ms] [WARNING] WebSocket connection to 'ws://localhost:3002/socket.io/?EIO=4&transport=websocket' failed: WebSocket is closed before the connection is established. @ https://three60-nfc-valet-admin.onrender.com/_next/static/chunks/692-46d5bb9e77fa1ebf.js:0
[ 4616540ms] [LOG] [WS] Connection error: timeout @ https://three60-nfc-valet-admin.onrender.com/_next/static/chunks/64-a6f154658988b61c.js:0
[ 4616540ms] [WARNING] WebSocket connection to 'ws://localhost:3002/socket.io/?EIO=4&transport=websocket' failed: WebSocket is closed before the connection is established. @ https://three60-nfc-valet-admin.onrender.com/_next/static/chunks/692-46d5bb9e77fa1ebf.js:0
[ 4641570ms] [LOG] [WS] Connection error: timeout @ https://three60-nfc-valet-admin.onrender.com/_next/static/chunks/64-a6f154658988b61c.js:0
[ 4641571ms] [WARNING] WebSocket connection to 'ws://localhost:3002/socket.io/?EIO=4&transport=websocket' failed: WebSocket is closed before the connection is established. @ https://three60-nfc-valet-admin.onrender.com/_next/static/chunks/692-46d5bb9e77fa1ebf.js:0
[ 4666585ms] [LOG] [WS] Connection error: timeout @ https://three60-nfc-valet-admin.onrender.com/_next/static/chunks/64-a6f154658988b61c.js:0
[ 4666585ms] [WARNING] WebSocket connection to 'ws://localhost:3002/socket.io/?EIO=4&transport=websocket' failed: WebSocket is closed before the connection is established. @ https://three60-nfc-valet-admin.onrender.com/_next/static/chunks/692-46d5bb9e77fa1ebf.js:0
[ 4691604ms] [LOG] [WS] Connection error: timeout @ https://three60-nfc-valet-admin.onrender.com/_next/static/chunks/64-a6f154658988b61c.js:0
[ 4691604ms] [WARNING] WebSocket connection to 'ws://localhost:3002/socket.io/?EIO=4&transport=websocket' failed: WebSocket is closed before the connection is established. @ https://three60-nfc-valet-admin.onrender.com/_next/static/chunks/692-46d5bb9e77fa1ebf.js:0
[ 4716620ms] [LOG] [WS] Connection error: timeout @ https://three60-nfc-valet-admin.onrender.com/_next/static/chunks/64-a6f154658988b61c.js:0
[ 4716621ms] [WARNING] WebSocket connection to 'ws://localhost:3002/socket.io/?EIO=4&transport=websocket' failed: WebSocket is closed before the connection is established. @ https://three60-nfc-valet-admin.onrender.com/_next/static/chunks/692-46d5bb9e77fa1ebf.js:0
[ 4741647ms] [LOG] [WS] Connection error: timeout @ https://three60-nfc-valet-admin.onrender.com/_next/static/chunks/64-a6f154658988b61c.js:0
[ 4741648ms] [WARNING] WebSocket connection to 'ws://localhost:3002/socket.io/?EIO=4&transport=websocket' failed: WebSocket is closed before the connection is established. @ https://three60-nfc-valet-admin.onrender.com/_next/static/chunks/692-46d5bb9e77fa1ebf.js:0
[ 4766666ms] [LOG] [WS] Connection error: timeout @ https://three60-nfc-valet-admin.onrender.com/_next/static/chunks/64-a6f154658988b61c.js:0
[ 4766666ms] [WARNING] WebSocket connection to 'ws://localhost:3002/socket.io/?EIO=4&transport=websocket' failed: WebSocket is closed before the connection is established. @ https://three60-nfc-valet-admin.onrender.com/_next/static/chunks/692-46d5bb9e77fa1ebf.js:0
[ 4791680ms] [LOG] [WS] Connection error: timeout @ https://three60-nfc-valet-admin.onrender.com/_next/static/chunks/64-a6f154658988b61c.js:0
[ 4791680ms] [WARNING] WebSocket connection to 'ws://localhost:3002/socket.io/?EIO=4&transport=websocket' failed: WebSocket is closed before the connection is established. @ https://three60-nfc-valet-admin.onrender.com/_next/static/chunks/692-46d5bb9e77fa1ebf.js:0
[ 4816703ms] [LOG] [WS] Connection error: timeout @ https://three60-nfc-valet-admin.onrender.com/_next/static/chunks/64-a6f154658988b61c.js:0
[ 4816703ms] [WARNING] WebSocket connection to 'ws://localhost:3002/socket.io/?EIO=4&transport=websocket' failed: WebSocket is closed before the connection is established. @ https://three60-nfc-valet-admin.onrender.com/_next/static/chunks/692-46d5bb9e77fa1ebf.js:0
[ 4841717ms] [LOG] [WS] Connection error: timeout @ https://three60-nfc-valet-admin.onrender.com/_next/static/chunks/64-a6f154658988b61c.js:0
[ 4841717ms] [WARNING] WebSocket connection to 'ws://localhost:3002/socket.io/?EIO=4&transport=websocket' failed: WebSocket is closed before the connection is established. @ https://three60-nfc-valet-admin.onrender.com/_next/static/chunks/692-46d5bb9e77fa1ebf.js:0
[ 4866733ms] [LOG] [WS] Connection error: timeout @ https://three60-nfc-valet-admin.onrender.com/_next/static/chunks/64-a6f154658988b61c.js:0
[ 4866733ms] [WARNING] WebSocket connection to 'ws://localhost:3002/socket.io/?EIO=4&transport=websocket' failed: WebSocket is closed before the connection is established. @ https://three60-nfc-valet-admin.onrender.com/_next/static/chunks/692-46d5bb9e77fa1ebf.js:0
[ 4891738ms] [LOG] [WS] Connection error: timeout @ https://three60-nfc-valet-admin.onrender.com/_next/static/chunks/64-a6f154658988b61c.js:0
[ 4891738ms] [WARNING] WebSocket connection to 'ws://localhost:3002/socket.io/?EIO=4&transport=websocket' failed: WebSocket is closed before the connection is established. @ https://three60-nfc-valet-admin.onrender.com/_next/static/chunks/692-46d5bb9e77fa1ebf.js:0
[ 4916754ms] [LOG] [WS] Connection error: timeout @ https://three60-nfc-valet-admin.onrender.com/_next/static/chunks/64-a6f154658988b61c.js:0
[ 4916754ms] [WARNING] WebSocket connection to 'ws://localhost:3002/socket.io/?EIO=4&transport=websocket' failed: WebSocket is closed before the connection is established. @ https://three60-nfc-valet-admin.onrender.com/_next/static/chunks/692-46d5bb9e77fa1ebf.js:0
[ 4941777ms] [LOG] [WS] Connection error: timeout @ https://three60-nfc-valet-admin.onrender.com/_next/static/chunks/64-a6f154658988b61c.js:0
[ 4941777ms] [WARNING] WebSocket connection to 'ws://localhost:3002/socket.io/?EIO=4&transport=websocket' failed: WebSocket is closed before the connection is established. @ https://three60-nfc-valet-admin.onrender.com/_next/static/chunks/692-46d5bb9e77fa1ebf.js:0
[ 4966791ms] [LOG] [WS] Connection error: timeout @ https://three60-nfc-valet-admin.onrender.com/_next/static/chunks/64-a6f154658988b61c.js:0
[ 4966791ms] [WARNING] WebSocket connection to 'ws://localhost:3002/socket.io/?EIO=4&transport=websocket' failed: WebSocket is closed before the connection is established. @ https://three60-nfc-valet-admin.onrender.com/_next/static/chunks/692-46d5bb9e77fa1ebf.js:0
[ 4991815ms] [LOG] [WS] Connection error: timeout @ https://three60-nfc-valet-admin.onrender.com/_next/static/chunks/64-a6f154658988b61c.js:0
[ 4991815ms] [WARNING] WebSocket connection to 'ws://localhost:3002/socket.io/?EIO=4&transport=websocket' failed: WebSocket is closed before the connection is established. @ https://three60-nfc-valet-admin.onrender.com/_next/static/chunks/692-46d5bb9e77fa1ebf.js:0
[ 5016840ms] [LOG] [WS] Connection error: timeout @ https://three60-nfc-valet-admin.onrender.com/_next/static/chunks/64-a6f154658988b61c.js:0
[ 5016840ms] [WARNING] WebSocket connection to 'ws://localhost:3002/socket.io/?EIO=4&transport=websocket' failed: WebSocket is closed before the connection is established. @ https://three60-nfc-valet-admin.onrender.com/_next/static/chunks/692-46d5bb9e77fa1ebf.js:0
[ 5041856ms] [LOG] [WS] Connection error: timeout @ https://three60-nfc-valet-admin.onrender.com/_next/static/chunks/64-a6f154658988b61c.js:0
[ 5041856ms] [WARNING] WebSocket connection to 'ws://localhost:3002/socket.io/?EIO=4&transport=websocket' failed: WebSocket is closed before the connection is established. @ https://three60-nfc-valet-admin.onrender.com/_next/static/chunks/692-46d5bb9e77fa1ebf.js:0
[ 5066884ms] [LOG] [WS] Connection error: timeout @ https://three60-nfc-valet-admin.onrender.com/_next/static/chunks/64-a6f154658988b61c.js:0
[ 5066884ms] [WARNING] WebSocket connection to 'ws://localhost:3002/socket.io/?EIO=4&transport=websocket' failed: WebSocket is closed before the connection is established. @ https://three60-nfc-valet-admin.onrender.com/_next/static/chunks/692-46d5bb9e77fa1ebf.js:0
[ 5091907ms] [LOG] [WS] Connection error: timeout @ https://three60-nfc-valet-admin.onrender.com/_next/static/chunks/64-a6f154658988b61c.js:0
[ 5091908ms] [WARNING] WebSocket connection to 'ws://localhost:3002/socket.io/?EIO=4&transport=websocket' failed: WebSocket is closed before the connection is established. @ https://three60-nfc-valet-admin.onrender.com/_next/static/chunks/692-46d5bb9e77fa1ebf.js:0
[ 5116921ms] [LOG] [WS] Connection error: timeout @ https://three60-nfc-valet-admin.onrender.com/_next/static/chunks/64-a6f154658988b61c.js:0
[ 5116922ms] [WARNING] WebSocket connection to 'ws://localhost:3002/socket.io/?EIO=4&transport=websocket' failed: WebSocket is closed before the connection is established. @ https://three60-nfc-valet-admin.onrender.com/_next/static/chunks/692-46d5bb9e77fa1ebf.js:0
[ 5141946ms] [LOG] [WS] Connection error: timeout @ https://three60-nfc-valet-admin.onrender.com/_next/static/chunks/64-a6f154658988b61c.js:0
[ 5141946ms] [WARNING] WebSocket connection to 'ws://localhost:3002/socket.io/?EIO=4&transport=websocket' failed: WebSocket is closed before the connection is established. @ https://three60-nfc-valet-admin.onrender.com/_next/static/chunks/692-46d5bb9e77fa1ebf.js:0
[ 5166953ms] [LOG] [WS] Connection error: timeout @ https://three60-nfc-valet-admin.onrender.com/_next/static/chunks/64-a6f154658988b61c.js:0
[ 5166953ms] [WARNING] WebSocket connection to 'ws://localhost:3002/socket.io/?EIO=4&transport=websocket' failed: WebSocket is closed before the connection is established. @ https://three60-nfc-valet-admin.onrender.com/_next/static/chunks/692-46d5bb9e77fa1ebf.js:0
[ 5191968ms] [LOG] [WS] Connection error: timeout @ https://three60-nfc-valet-admin.onrender.com/_next/static/chunks/64-a6f154658988b61c.js:0
[ 5191968ms] [WARNING] WebSocket connection to 'ws://localhost:3002/socket.io/?EIO=4&transport=websocket' failed: WebSocket is closed before the connection is established. @ https://three60-nfc-valet-admin.onrender.com/_next/static/chunks/692-46d5bb9e77fa1ebf.js:0
[ 5216990ms] [LOG] [WS] Connection error: timeout @ https://three60-nfc-valet-admin.onrender.com/_next/static/chunks/64-a6f154658988b61c.js:0
[ 5216990ms] [WARNING] WebSocket connection to 'ws://localhost:3002/socket.io/?EIO=4&transport=websocket' failed: WebSocket is closed before the connection is established. @ https://three60-nfc-valet-admin.onrender.com/_next/static/chunks/692-46d5bb9e77fa1ebf.js:0
[ 5241991ms] [LOG] [WS] Connection error: timeout @ https://three60-nfc-valet-admin.onrender.com/_next/static/chunks/64-a6f154658988b61c.js:0
[ 5241992ms] [WARNING] WebSocket connection to 'ws://localhost:3002/socket.io/?EIO=4&transport=websocket' failed: WebSocket is closed before the connection is established. @ https://three60-nfc-valet-admin.onrender.com/_next/static/chunks/692-46d5bb9e77fa1ebf.js:0
[ 5267012ms] [LOG] [WS] Connection error: timeout @ https://three60-nfc-valet-admin.onrender.com/_next/static/chunks/64-a6f154658988b61c.js:0
[ 5267012ms] [WARNING] WebSocket connection to 'ws://localhost:3002/socket.io/?EIO=4&transport=websocket' failed: WebSocket is closed before the connection is established. @ https://three60-nfc-valet-admin.onrender.com/_next/static/chunks/692-46d5bb9e77fa1ebf.js:0
[ 5292034ms] [LOG] [WS] Connection error: timeout @ https://three60-nfc-valet-admin.onrender.com/_next/static/chunks/64-a6f154658988b61c.js:0
[ 5292034ms] [WARNING] WebSocket connection to 'ws://localhost:3002/socket.io/?EIO=4&transport=websocket' failed: WebSocket is closed before the connection is established. @ https://three60-nfc-valet-admin.onrender.com/_next/static/chunks/692-46d5bb9e77fa1ebf.js:0
[ 5317045ms] [LOG] [WS] Connection error: timeout @ https://three60-nfc-valet-admin.onrender.com/_next/static/chunks/64-a6f154658988b61c.js:0
[ 5317046ms] [WARNING] WebSocket connection to 'ws://localhost:3002/socket.io/?EIO=4&transport=websocket' failed: WebSocket is closed before the connection is established. @ https://three60-nfc-valet-admin.onrender.com/_next/static/chunks/692-46d5bb9e77fa1ebf.js:0
[ 5342067ms] [LOG] [WS] Connection error: timeout @ https://three60-nfc-valet-admin.onrender.com/_next/static/chunks/64-a6f154658988b61c.js:0
[ 5342067ms] [WARNING] WebSocket connection to 'ws://localhost:3002/socket.io/?EIO=4&transport=websocket' failed: WebSocket is closed before the connection is established. @ https://three60-nfc-valet-admin.onrender.com/_next/static/chunks/692-46d5bb9e77fa1ebf.js:0
[ 5367084ms] [LOG] [WS] Connection error: timeout @ https://three60-nfc-valet-admin.onrender.com/_next/static/chunks/64-a6f154658988b61c.js:0
[ 5367084ms] [WARNING] WebSocket connection to 'ws://localhost:3002/socket.io/?EIO=4&transport=websocket' failed: WebSocket is closed before the connection is established. @ https://three60-nfc-valet-admin.onrender.com/_next/static/chunks/692-46d5bb9e77fa1ebf.js:0
[ 5392102ms] [LOG] [WS] Connection error: timeout @ https://three60-nfc-valet-admin.onrender.com/_next/static/chunks/64-a6f154658988b61c.js:0
[ 5392102ms] [WARNING] WebSocket connection to 'ws://localhost:3002/socket.io/?EIO=4&transport=websocket' failed: WebSocket is closed before the connection is established. @ https://three60-nfc-valet-admin.onrender.com/_next/static/chunks/692-46d5bb9e77fa1ebf.js:0
[ 5417113ms] [LOG] [WS] Connection error: timeout @ https://three60-nfc-valet-admin.onrender.com/_next/static/chunks/64-a6f154658988b61c.js:0
[ 5417113ms] [WARNING] WebSocket connection to 'ws://localhost:3002/socket.io/?EIO=4&transport=websocket' failed: WebSocket is closed before the connection is established. @ https://three60-nfc-valet-admin.onrender.com/_next/static/chunks/692-46d5bb9e77fa1ebf.js:0
[ 5442134ms] [LOG] [WS] Connection error: timeout @ https://three60-nfc-valet-admin.onrender.com/_next/static/chunks/64-a6f154658988b61c.js:0
[ 5442136ms] [WARNING] WebSocket connection to 'ws://localhost:3002/socket.io/?EIO=4&transport=websocket' failed: WebSocket is closed before the connection is established. @ https://three60-nfc-valet-admin.onrender.com/_next/static/chunks/692-46d5bb9e77fa1ebf.js:0
[ 5467161ms] [LOG] [WS] Connection error: timeout @ https://three60-nfc-valet-admin.onrender.com/_next/static/chunks/64-a6f154658988b61c.js:0
[ 5467162ms] [WARNING] WebSocket connection to 'ws://localhost:3002/socket.io/?EIO=4&transport=websocket' failed: WebSocket is closed before the connection is established. @ https://three60-nfc-valet-admin.onrender.com/_next/static/chunks/692-46d5bb9e77fa1ebf.js:0
[ 5492176ms] [LOG] [WS] Connection error: timeout @ https://three60-nfc-valet-admin.onrender.com/_next/static/chunks/64-a6f154658988b61c.js:0
[ 5492177ms] [WARNING] WebSocket connection to 'ws://localhost:3002/socket.io/?EIO=4&transport=websocket' failed: WebSocket is closed before the connection is established. @ https://three60-nfc-valet-admin.onrender.com/_next/static/chunks/692-46d5bb9e77fa1ebf.js:0
[ 5517187ms] [LOG] [WS] Connection error: timeout @ https://three60-nfc-valet-admin.onrender.com/_next/static/chunks/64-a6f154658988b61c.js:0
[ 5517187ms] [WARNING] WebSocket connection to 'ws://localhost:3002/socket.io/?EIO=4&transport=websocket' failed: WebSocket is closed before the connection is established. @ https://three60-nfc-valet-admin.onrender.com/_next/static/chunks/692-46d5bb9e77fa1ebf.js:0
[ 5542217ms] [LOG] [WS] Connection error: timeout @ https://three60-nfc-valet-admin.onrender.com/_next/static/chunks/64-a6f154658988b61c.js:0
[ 5542217ms] [WARNING] WebSocket connection to 'ws://localhost:3002/socket.io/?EIO=4&transport=websocket' failed: WebSocket is closed before the connection is established. @ https://three60-nfc-valet-admin.onrender.com/_next/static/chunks/692-46d5bb9e77fa1ebf.js:0
[ 5567241ms] [LOG] [WS] Connection error: timeout @ https://three60-nfc-valet-admin.onrender.com/_next/static/chunks/64-a6f154658988b61c.js:0
[ 5567241ms] [WARNING] WebSocket connection to 'ws://localhost:3002/socket.io/?EIO=4&transport=websocket' failed: WebSocket is closed before the connection is established. @ https://three60-nfc-valet-admin.onrender.com/_next/static/chunks/692-46d5bb9e77fa1ebf.js:0
[ 5592252ms] [LOG] [WS] Connection error: timeout @ https://three60-nfc-valet-admin.onrender.com/_next/static/chunks/64-a6f154658988b61c.js:0
[ 5592253ms] [WARNING] WebSocket connection to 'ws://localhost:3002/socket.io/?EIO=4&transport=websocket' failed: WebSocket is closed before the connection is established. @ https://three60-nfc-valet-admin.onrender.com/_next/static/chunks/692-46d5bb9e77fa1ebf.js:0
[ 5617274ms] [LOG] [WS] Connection error: timeout @ https://three60-nfc-valet-admin.onrender.com/_next/static/chunks/64-a6f154658988b61c.js:0
[ 5617274ms] [WARNING] WebSocket connection to 'ws://localhost:3002/socket.io/?EIO=4&transport=websocket' failed: WebSocket is closed before the connection is established. @ https://three60-nfc-valet-admin.onrender.com/_next/static/chunks/692-46d5bb9e77fa1ebf.js:0
[ 5642292ms] [LOG] [WS] Connection error: timeout @ https://three60-nfc-valet-admin.onrender.com/_next/static/chunks/64-a6f154658988b61c.js:0
[ 5642292ms] [WARNING] WebSocket connection to 'ws://localhost:3002/socket.io/?EIO=4&transport=websocket' failed: WebSocket is closed before the connection is established. @ https://three60-nfc-valet-admin.onrender.com/_next/static/chunks/692-46d5bb9e77fa1ebf.js:0
[ 5667295ms] [LOG] [WS] Connection error: timeout @ https://three60-nfc-valet-admin.onrender.com/_next/static/chunks/64-a6f154658988b61c.js:0
[ 5667295ms] [WARNING] WebSocket connection to 'ws://localhost:3002/socket.io/?EIO=4&transport=websocket' failed: WebSocket is closed before the connection is established. @ https://three60-nfc-valet-admin.onrender.com/_next/static/chunks/692-46d5bb9e77fa1ebf.js:0
[ 5692313ms] [LOG] [WS] Connection error: timeout @ https://three60-nfc-valet-admin.onrender.com/_next/static/chunks/64-a6f154658988b61c.js:0
[ 5692313ms] [WARNING] WebSocket connection to 'ws://localhost:3002/socket.io/?EIO=4&transport=websocket' failed: WebSocket is closed before the connection is established. @ https://three60-nfc-valet-admin.onrender.com/_next/static/chunks/692-46d5bb9e77fa1ebf.js:0
[ 5717339ms] [LOG] [WS] Connection error: timeout @ https://three60-nfc-valet-admin.onrender.com/_next/static/chunks/64-a6f154658988b61c.js:0
[ 5717340ms] [WARNING] WebSocket connection to 'ws://localhost:3002/socket.io/?EIO=4&transport=websocket' failed: WebSocket is closed before the connection is established. @ https://three60-nfc-valet-admin.onrender.com/_next/static/chunks/692-46d5bb9e77fa1ebf.js:0
[ 5742360ms] [LOG] [WS] Connection error: timeout @ https://three60-nfc-valet-admin.onrender.com/_next/static/chunks/64-a6f154658988b61c.js:0
[ 5742361ms] [WARNING] WebSocket connection to 'ws://localhost:3002/socket.io/?EIO=4&transport=websocket' failed: WebSocket is closed before the connection is established. @ https://three60-nfc-valet-admin.onrender.com/_next/static/chunks/692-46d5bb9e77fa1ebf.js:0
[ 5767369ms] [LOG] [WS] Connection error: timeout @ https://three60-nfc-valet-admin.onrender.com/_next/static/chunks/64-a6f154658988b61c.js:0
[ 5767369ms] [WARNING] WebSocket connection to 'ws://localhost:3002/socket.io/?EIO=4&transport=websocket' failed: WebSocket is closed before the connection is established. @ https://three60-nfc-valet-admin.onrender.com/_next/static/chunks/692-46d5bb9e77fa1ebf.js:0
[ 5792381ms] [LOG] [WS] Connection error: timeout @ https://three60-nfc-valet-admin.onrender.com/_next/static/chunks/64-a6f154658988b61c.js:0
[ 5792382ms] [WARNING] WebSocket connection to 'ws://localhost:3002/socket.io/?EIO=4&transport=websocket' failed: WebSocket is closed before the connection is established. @ https://three60-nfc-valet-admin.onrender.com/_next/static/chunks/692-46d5bb9e77fa1ebf.js:0
[ 5817390ms] [LOG] [WS] Connection error: timeout @ https://three60-nfc-valet-admin.onrender.com/_next/static/chunks/64-a6f154658988b61c.js:0
[ 5817390ms] [WARNING] WebSocket connection to 'ws://localhost:3002/socket.io/?EIO=4&transport=websocket' failed: WebSocket is closed before the connection is established. @ https://three60-nfc-valet-admin.onrender.com/_next/static/chunks/692-46d5bb9e77fa1ebf.js:0
[ 5842417ms] [LOG] [WS] Connection error: timeout @ https://three60-nfc-valet-admin.onrender.com/_next/static/chunks/64-a6f154658988b61c.js:0
[ 5842418ms] [WARNING] WebSocket connection to 'ws://localhost:3002/socket.io/?EIO=4&transport=websocket' failed: WebSocket is closed before the connection is established. @ https://three60-nfc-valet-admin.onrender.com/_next/static/chunks/692-46d5bb9e77fa1ebf.js:0
[ 5867423ms] [LOG] [WS] Connection error: timeout @ https://three60-nfc-valet-admin.onrender.com/_next/static/chunks/64-a6f154658988b61c.js:0
[ 5867423ms] [WARNING] WebSocket connection to 'ws://localhost:3002/socket.io/?EIO=4&transport=websocket' failed: WebSocket is closed before the connection is established. @ https://three60-nfc-valet-admin.onrender.com/_next/static/chunks/692-46d5bb9e77fa1ebf.js:0
[ 5892443ms] [LOG] [WS] Connection error: timeout @ https://three60-nfc-valet-admin.onrender.com/_next/static/chunks/64-a6f154658988b61c.js:0
[ 5892443ms] [WARNING] WebSocket connection to 'ws://localhost:3002/socket.io/?EIO=4&transport=websocket' failed: WebSocket is closed before the connection is established. @ https://three60-nfc-valet-admin.onrender.com/_next/static/chunks/692-46d5bb9e77fa1ebf.js:0
[ 5917457ms] [LOG] [WS] Connection error: timeout @ https://three60-nfc-valet-admin.onrender.com/_next/static/chunks/64-a6f154658988b61c.js:0
[ 5917458ms] [WARNING] WebSocket connection to 'ws://localhost:3002/socket.io/?EIO=4&transport=websocket' failed: WebSocket is closed before the connection is established. @ https://three60-nfc-valet-admin.onrender.com/_next/static/chunks/692-46d5bb9e77fa1ebf.js:0
[ 5942467ms] [LOG] [WS] Connection error: timeout @ https://three60-nfc-valet-admin.onrender.com/_next/static/chunks/64-a6f154658988b61c.js:0
[ 5942467ms] [WARNING] WebSocket connection to 'ws://localhost:3002/socket.io/?EIO=4&transport=websocket' failed: WebSocket is closed before the connection is established. @ https://three60-nfc-valet-admin.onrender.com/_next/static/chunks/692-46d5bb9e77fa1ebf.js:0
[ 5967470ms] [LOG] [WS] Connection error: timeout @ https://three60-nfc-valet-admin.onrender.com/_next/static/chunks/64-a6f154658988b61c.js:0
[ 5967471ms] [WARNING] WebSocket connection to 'ws://localhost:3002/socket.io/?EIO=4&transport=websocket' failed: WebSocket is closed before the connection is established. @ https://three60-nfc-valet-admin.onrender.com/_next/static/chunks/692-46d5bb9e77fa1ebf.js:0
[ 5992476ms] [LOG] [WS] Connection error: timeout @ https://three60-nfc-valet-admin.onrender.com/_next/static/chunks/64-a6f154658988b61c.js:0
[ 5992476ms] [WARNING] WebSocket connection to 'ws://localhost:3002/socket.io/?EIO=4&transport=websocket' failed: WebSocket is closed before the connection is established. @ https://three60-nfc-valet-admin.onrender.com/_next/static/chunks/692-46d5bb9e77fa1ebf.js:0
[ 6017485ms] [LOG] [WS] Connection error: timeout @ https://three60-nfc-valet-admin.onrender.com/_next/static/chunks/64-a6f154658988b61c.js:0
[ 6017485ms] [WARNING] WebSocket connection to 'ws://localhost:3002/socket.io/?EIO=4&transport=websocket' failed: WebSocket is closed before the connection is established. @ https://three60-nfc-valet-admin.onrender.com/_next/static/chunks/692-46d5bb9e77fa1ebf.js:0
[ 6042506ms] [LOG] [WS] Connection error: timeout @ https://three60-nfc-valet-admin.onrender.com/_next/static/chunks/64-a6f154658988b61c.js:0
[ 6042507ms] [WARNING] WebSocket connection to 'ws://localhost:3002/socket.io/?EIO=4&transport=websocket' failed: WebSocket is closed before the connection is established. @ https://three60-nfc-valet-admin.onrender.com/_next/static/chunks/692-46d5bb9e77fa1ebf.js:0
[ 6067519ms] [LOG] [WS] Connection error: timeout @ https://three60-nfc-valet-admin.onrender.com/_next/static/chunks/64-a6f154658988b61c.js:0
[ 6067519ms] [WARNING] WebSocket connection to 'ws://localhost:3002/socket.io/?EIO=4&transport=websocket' failed: WebSocket is closed before the connection is established. @ https://three60-nfc-valet-admin.onrender.com/_next/static/chunks/692-46d5bb9e77fa1ebf.js:0
[ 6092543ms] [LOG] [WS] Connection error: timeout @ https://three60-nfc-valet-admin.onrender.com/_next/static/chunks/64-a6f154658988b61c.js:0
[ 6092543ms] [WARNING] WebSocket connection to 'ws://localhost:3002/socket.io/?EIO=4&transport=websocket' failed: WebSocket is closed before the connection is established. @ https://three60-nfc-valet-admin.onrender.com/_next/static/chunks/692-46d5bb9e77fa1ebf.js:0
[ 6117558ms] [LOG] [WS] Connection error: timeout @ https://three60-nfc-valet-admin.onrender.com/_next/static/chunks/64-a6f154658988b61c.js:0
[ 6117558ms] [WARNING] WebSocket connection to 'ws://localhost:3002/socket.io/?EIO=4&transport=websocket' failed: WebSocket is closed before the connection is established. @ https://three60-nfc-valet-admin.onrender.com/_next/static/chunks/692-46d5bb9e77fa1ebf.js:0
[ 6142587ms] [LOG] [WS] Connection error: timeout @ https://three60-nfc-valet-admin.onrender.com/_next/static/chunks/64-a6f154658988b61c.js:0
[ 6142587ms] [WARNING] WebSocket connection to 'ws://localhost:3002/socket.io/?EIO=4&transport=websocket' failed: WebSocket is closed before the connection is established. @ https://three60-nfc-valet-admin.onrender.com/_next/static/chunks/692-46d5bb9e77fa1ebf.js:0
[ 6167595ms] [LOG] [WS] Connection error: timeout @ https://three60-nfc-valet-admin.onrender.com/_next/static/chunks/64-a6f154658988b61c.js:0
[ 6167595ms] [WARNING] WebSocket connection to 'ws://localhost:3002/socket.io/?EIO=4&transport=websocket' failed: WebSocket is closed before the connection is established. @ https://three60-nfc-valet-admin.onrender.com/_next/static/chunks/692-46d5bb9e77fa1ebf.js:0
[ 6192617ms] [LOG] [WS] Connection error: timeout @ https://three60-nfc-valet-admin.onrender.com/_next/static/chunks/64-a6f154658988b61c.js:0
[ 6192618ms] [WARNING] WebSocket connection to 'ws://localhost:3002/socket.io/?EIO=4&transport=websocket' failed: WebSocket is closed before the connection is established. @ https://three60-nfc-valet-admin.onrender.com/_next/static/chunks/692-46d5bb9e77fa1ebf.js:0
[ 6218974ms] [LOG] [WS] Connection error: timeout @ https://three60-nfc-valet-admin.onrender.com/_next/static/chunks/64-a6f154658988b61c.js:0
[ 6218974ms] [WARNING] WebSocket connection to 'ws://localhost:3002/socket.io/?EIO=4&transport=websocket' failed: WebSocket is closed before the connection is established. @ https://three60-nfc-valet-admin.onrender.com/_next/static/chunks/692-46d5bb9e77fa1ebf.js:0
[ 6243998ms] [LOG] [WS] Connection error: timeout @ https://three60-nfc-valet-admin.onrender.com/_next/static/chunks/64-a6f154658988b61c.js:0
[ 6243999ms] [WARNING] WebSocket connection to 'ws://localhost:3002/socket.io/?EIO=4&transport=websocket' failed: WebSocket is closed before the connection is established. @ https://three60-nfc-valet-admin.onrender.com/_next/static/chunks/692-46d5bb9e77fa1ebf.js:0
[ 6269014ms] [LOG] [WS] Connection error: timeout @ https://three60-nfc-valet-admin.onrender.com/_next/static/chunks/64-a6f154658988b61c.js:0
[ 6269014ms] [WARNING] WebSocket connection to 'ws://localhost:3002/socket.io/?EIO=4&transport=websocket' failed: WebSocket is closed before the connection is established. @ https://three60-nfc-valet-admin.onrender.com/_next/static/chunks/692-46d5bb9e77fa1ebf.js:0
[ 6294034ms] [LOG] [WS] Connection error: timeout @ https://three60-nfc-valet-admin.onrender.com/_next/static/chunks/64-a6f154658988b61c.js:0
[ 6294034ms] [WARNING] WebSocket connection to 'ws://localhost:3002/socket.io/?EIO=4&transport=websocket' failed: WebSocket is closed before the connection is established. @ https://three60-nfc-valet-admin.onrender.com/_next/static/chunks/692-46d5bb9e77fa1ebf.js:0
[ 6319048ms] [LOG] [WS] Connection error: timeout @ https://three60-nfc-valet-admin.onrender.com/_next/static/chunks/64-a6f154658988b61c.js:0
[ 6319049ms] [WARNING] WebSocket connection to 'ws://localhost:3002/socket.io/?EIO=4&transport=websocket' failed: WebSocket is closed before the connection is established. @ https://three60-nfc-valet-admin.onrender.com/_next/static/chunks/692-46d5bb9e77fa1ebf.js:0
[ 6344054ms] [LOG] [WS] Connection error: timeout @ https://three60-nfc-valet-admin.onrender.com/_next/static/chunks/64-a6f154658988b61c.js:0
[ 6344054ms] [WARNING] WebSocket connection to 'ws://localhost:3002/socket.io/?EIO=4&transport=websocket' failed: WebSocket is closed before the connection is established. @ https://three60-nfc-valet-admin.onrender.com/_next/static/chunks/692-46d5bb9e77fa1ebf.js:0
[ 6369072ms] [LOG] [WS] Connection error: timeout @ https://three60-nfc-valet-admin.onrender.com/_next/static/chunks/64-a6f154658988b61c.js:0
[ 6369073ms] [WARNING] WebSocket connection to 'ws://localhost:3002/socket.io/?EIO=4&transport=websocket' failed: WebSocket is closed before the connection is established. @ https://three60-nfc-valet-admin.onrender.com/_next/static/chunks/692-46d5bb9e77fa1ebf.js:0
[ 6394084ms] [LOG] [WS] Connection error: timeout @ https://three60-nfc-valet-admin.onrender.com/_next/static/chunks/64-a6f154658988b61c.js:0
[ 6394084ms] [WARNING] WebSocket connection to 'ws://localhost:3002/socket.io/?EIO=4&transport=websocket' failed: WebSocket is closed before the connection is established. @ https://three60-nfc-valet-admin.onrender.com/_next/static/chunks/692-46d5bb9e77fa1ebf.js:0
[ 6419108ms] [LOG] [WS] Connection error: timeout @ https://three60-nfc-valet-admin.onrender.com/_next/static/chunks/64-a6f154658988b61c.js:0
[ 6419108ms] [WARNING] WebSocket connection to 'ws://localhost:3002/socket.io/?EIO=4&transport=websocket' failed: WebSocket is closed before the connection is established. @ https://three60-nfc-valet-admin.onrender.com/_next/static/chunks/692-46d5bb9e77fa1ebf.js:0
[ 6444124ms] [LOG] [WS] Connection error: timeout @ https://three60-nfc-valet-admin.onrender.com/_next/static/chunks/64-a6f154658988b61c.js:0
[ 6444127ms] [WARNING] WebSocket connection to 'ws://localhost:3002/socket.io/?EIO=4&transport=websocket' failed: WebSocket is closed before the connection is established. @ https://three60-nfc-valet-admin.onrender.com/_next/static/chunks/692-46d5bb9e77fa1ebf.js:0
[ 6469138ms] [LOG] [WS] Connection error: timeout @ https://three60-nfc-valet-admin.onrender.com/_next/static/chunks/64-a6f154658988b61c.js:0
[ 6469139ms] [WARNING] WebSocket connection to 'ws://localhost:3002/socket.io/?EIO=4&transport=websocket' failed: WebSocket is closed before the connection is established. @ https://three60-nfc-valet-admin.onrender.com/_next/static/chunks/692-46d5bb9e77fa1ebf.js:0
[ 6494168ms] [LOG] [WS] Connection error: timeout @ https://three60-nfc-valet-admin.onrender.com/_next/static/chunks/64-a6f154658988b61c.js:0
[ 6494168ms] [WARNING] WebSocket connection to 'ws://localhost:3002/socket.io/?EIO=4&transport=websocket' failed: WebSocket is closed before the connection is established. @ https://three60-nfc-valet-admin.onrender.com/_next/static/chunks/692-46d5bb9e77fa1ebf.js:0
[ 6519177ms] [LOG] [WS] Connection error: timeout @ https://three60-nfc-valet-admin.onrender.com/_next/static/chunks/64-a6f154658988b61c.js:0
[ 6519177ms] [WARNING] WebSocket connection to 'ws://localhost:3002/socket.io/?EIO=4&transport=websocket' failed: WebSocket is closed before the connection is established. @ https://three60-nfc-valet-admin.onrender.com/_next/static/chunks/692-46d5bb9e77fa1ebf.js:0
[ 6544195ms] [LOG] [WS] Connection error: timeout @ https://three60-nfc-valet-admin.onrender.com/_next/static/chunks/64-a6f154658988b61c.js:0
[ 6544195ms] [WARNING] WebSocket connection to 'ws://localhost:3002/socket.io/?EIO=4&transport=websocket' failed: WebSocket is closed before the connection is established. @ https://three60-nfc-valet-admin.onrender.com/_next/static/chunks/692-46d5bb9e77fa1ebf.js:0
[ 6569220ms] [LOG] [WS] Connection error: timeout @ https://three60-nfc-valet-admin.onrender.com/_next/static/chunks/64-a6f154658988b61c.js:0
[ 6569220ms] [WARNING] WebSocket connection to 'ws://localhost:3002/socket.io/?EIO=4&transport=websocket' failed: WebSocket is closed before the connection is established. @ https://three60-nfc-valet-admin.onrender.com/_next/static/chunks/692-46d5bb9e77fa1ebf.js:0
[ 6594228ms] [LOG] [WS] Connection error: timeout @ https://three60-nfc-valet-admin.onrender.com/_next/static/chunks/64-a6f154658988b61c.js:0
[ 6594229ms] [WARNING] WebSocket connection to 'ws://localhost:3002/socket.io/?EIO=4&transport=websocket' failed: WebSocket is closed before the connection is established. @ https://three60-nfc-valet-admin.onrender.com/_next/static/chunks/692-46d5bb9e77fa1ebf.js:0
[ 6619251ms] [LOG] [WS] Connection error: timeout @ https://three60-nfc-valet-admin.onrender.com/_next/static/chunks/64-a6f154658988b61c.js:0
[ 6619251ms] [WARNING] WebSocket connection to 'ws://localhost:3002/socket.io/?EIO=4&transport=websocket' failed: WebSocket is closed before the connection is established. @ https://three60-nfc-valet-admin.onrender.com/_next/static/chunks/692-46d5bb9e77fa1ebf.js:0
[ 6644272ms] [LOG] [WS] Connection error: timeout @ https://three60-nfc-valet-admin.onrender.com/_next/static/chunks/64-a6f154658988b61c.js:0
[ 6644272ms] [WARNING] WebSocket connection to 'ws://localhost:3002/socket.io/?EIO=4&transport=websocket' failed: WebSocket is closed before the connection is established. @ https://three60-nfc-valet-admin.onrender.com/_next/static/chunks/692-46d5bb9e77fa1ebf.js:0
[ 6669289ms] [LOG] [WS] Connection error: timeout @ https://three60-nfc-valet-admin.onrender.com/_next/static/chunks/64-a6f154658988b61c.js:0
[ 6669289ms] [WARNING] WebSocket connection to 'ws://localhost:3002/socket.io/?EIO=4&transport=websocket' failed: WebSocket is closed before the connection is established. @ https://three60-nfc-valet-admin.onrender.com/_next/static/chunks/692-46d5bb9e77fa1ebf.js:0
[ 6694302ms] [LOG] [WS] Connection error: timeout @ https://three60-nfc-valet-admin.onrender.com/_next/static/chunks/64-a6f154658988b61c.js:0
[ 6694302ms] [WARNING] WebSocket connection to 'ws://localhost:3002/socket.io/?EIO=4&transport=websocket' failed: WebSocket is closed before the connection is established. @ https://three60-nfc-valet-admin.onrender.com/_next/static/chunks/692-46d5bb9e77fa1ebf.js:0
[ 6719317ms] [LOG] [WS] Connection error: timeout @ https://three60-nfc-valet-admin.onrender.com/_next/static/chunks/64-a6f154658988b61c.js:0
[ 6719317ms] [WARNING] WebSocket connection to 'ws://localhost:3002/socket.io/?EIO=4&transport=websocket' failed: WebSocket is closed before the connection is established. @ https://three60-nfc-valet-admin.onrender.com/_next/static/chunks/692-46d5bb9e77fa1ebf.js:0
[ 6744337ms] [LOG] [WS] Connection error: timeout @ https://three60-nfc-valet-admin.onrender.com/_next/static/chunks/64-a6f154658988b61c.js:0
[ 6744337ms] [WARNING] WebSocket connection to 'ws://localhost:3002/socket.io/?EIO=4&transport=websocket' failed: WebSocket is closed before the connection is established. @ https://three60-nfc-valet-admin.onrender.com/_next/static/chunks/692-46d5bb9e77fa1ebf.js:0
[ 6769358ms] [LOG] [WS] Connection error: timeout @ https://three60-nfc-valet-admin.onrender.com/_next/static/chunks/64-a6f154658988b61c.js:0
[ 6769358ms] [WARNING] WebSocket connection to 'ws://localhost:3002/socket.io/?EIO=4&transport=websocket' failed: WebSocket is closed before the connection is established. @ https://three60-nfc-valet-admin.onrender.com/_next/static/chunks/692-46d5bb9e77fa1ebf.js:0
[ 6794377ms] [LOG] [WS] Connection error: timeout @ https://three60-nfc-valet-admin.onrender.com/_next/static/chunks/64-a6f154658988b61c.js:0
[ 6794377ms] [WARNING] WebSocket connection to 'ws://localhost:3002/socket.io/?EIO=4&transport=websocket' failed: WebSocket is closed before the connection is established. @ https://three60-nfc-valet-admin.onrender.com/_next/static/chunks/692-46d5bb9e77fa1ebf.js:0
[ 6819403ms] [LOG] [WS] Connection error: timeout @ https://three60-nfc-valet-admin.onrender.com/_next/static/chunks/64-a6f154658988b61c.js:0
[ 6819403ms] [WARNING] WebSocket connection to 'ws://localhost:3002/socket.io/?EIO=4&transport=websocket' failed: WebSocket is closed before the connection is established. @ https://three60-nfc-valet-admin.onrender.com/_next/static/chunks/692-46d5bb9e77fa1ebf.js:0
[ 6844418ms] [LOG] [WS] Connection error: timeout @ https://three60-nfc-valet-admin.onrender.com/_next/static/chunks/64-a6f154658988b61c.js:0
[ 6844419ms] [WARNING] WebSocket connection to 'ws://localhost:3002/socket.io/?EIO=4&transport=websocket' failed: WebSocket is closed before the connection is established. @ https://three60-nfc-valet-admin.onrender.com/_next/static/chunks/692-46d5bb9e77fa1ebf.js:0
[ 6869433ms] [LOG] [WS] Connection error: timeout @ https://three60-nfc-valet-admin.onrender.com/_next/static/chunks/64-a6f154658988b61c.js:0
[ 6869433ms] [WARNING] WebSocket connection to 'ws://localhost:3002/socket.io/?EIO=4&transport=websocket' failed: WebSocket is closed before the connection is established. @ https://three60-nfc-valet-admin.onrender.com/_next/static/chunks/692-46d5bb9e77fa1ebf.js:0
[ 6894456ms] [LOG] [WS] Connection error: timeout @ https://three60-nfc-valet-admin.onrender.com/_next/static/chunks/64-a6f154658988b61c.js:0
[ 6894456ms] [WARNING] WebSocket connection to 'ws://localhost:3002/socket.io/?EIO=4&transport=websocket' failed: WebSocket is closed before the connection is established. @ https://three60-nfc-valet-admin.onrender.com/_next/static/chunks/692-46d5bb9e77fa1ebf.js:0
[ 6919485ms] [LOG] [WS] Connection error: timeout @ https://three60-nfc-valet-admin.onrender.com/_next/static/chunks/64-a6f154658988b61c.js:0
[ 6919485ms] [WARNING] WebSocket connection to 'ws://localhost:3002/socket.io/?EIO=4&transport=websocket' failed: WebSocket is closed before the connection is established. @ https://three60-nfc-valet-admin.onrender.com/_next/static/chunks/692-46d5bb9e77fa1ebf.js:0
[ 6944502ms] [LOG] [WS] Connection error: timeout @ https://three60-nfc-valet-admin.onrender.com/_next/static/chunks/64-a6f154658988b61c.js:0
[ 6944502ms] [WARNING] WebSocket connection to 'ws://localhost:3002/socket.io/?EIO=4&transport=websocket' failed: WebSocket is closed before the connection is established. @ https://three60-nfc-valet-admin.onrender.com/_next/static/chunks/692-46d5bb9e77fa1ebf.js:0
[ 6969527ms] [LOG] [WS] Connection error: timeout @ https://three60-nfc-valet-admin.onrender.com/_next/static/chunks/64-a6f154658988b61c.js:0
[ 6969527ms] [WARNING] WebSocket connection to 'ws://localhost:3002/socket.io/?EIO=4&transport=websocket' failed: WebSocket is closed before the connection is established. @ https://three60-nfc-valet-admin.onrender.com/_next/static/chunks/692-46d5bb9e77fa1ebf.js:0
[ 6994534ms] [LOG] [WS] Connection error: timeout @ https://three60-nfc-valet-admin.onrender.com/_next/static/chunks/64-a6f154658988b61c.js:0
[ 6994534ms] [WARNING] WebSocket connection to 'ws://localhost:3002/socket.io/?EIO=4&transport=websocket' failed: WebSocket is closed before the connection is established. @ https://three60-nfc-valet-admin.onrender.com/_next/static/chunks/692-46d5bb9e77fa1ebf.js:0
[ 7019549ms] [LOG] [WS] Connection error: timeout @ https://three60-nfc-valet-admin.onrender.com/_next/static/chunks/64-a6f154658988b61c.js:0
[ 7019549ms] [WARNING] WebSocket connection to 'ws://localhost:3002/socket.io/?EIO=4&transport=websocket' failed: WebSocket is closed before the connection is established. @ https://three60-nfc-valet-admin.onrender.com/_next/static/chunks/692-46d5bb9e77fa1ebf.js:0
[ 7044563ms] [LOG] [WS] Connection error: timeout @ https://three60-nfc-valet-admin.onrender.com/_next/static/chunks/64-a6f154658988b61c.js:0
[ 7044563ms] [WARNING] WebSocket connection to 'ws://localhost:3002/socket.io/?EIO=4&transport=websocket' failed: WebSocket is closed before the connection is established. @ https://three60-nfc-valet-admin.onrender.com/_next/static/chunks/692-46d5bb9e77fa1ebf.js:0
[ 7069576ms] [LOG] [WS] Connection error: timeout @ https://three60-nfc-valet-admin.onrender.com/_next/static/chunks/64-a6f154658988b61c.js:0
[ 7069576ms] [WARNING] WebSocket connection to 'ws://localhost:3002/socket.io/?EIO=4&transport=websocket' failed: WebSocket is closed before the connection is established. @ https://three60-nfc-valet-admin.onrender.com/_next/static/chunks/692-46d5bb9e77fa1ebf.js:0
[ 7094582ms] [LOG] [WS] Connection error: timeout @ https://three60-nfc-valet-admin.onrender.com/_next/static/chunks/64-a6f154658988b61c.js:0
[ 7094582ms] [WARNING] WebSocket connection to 'ws://localhost:3002/socket.io/?EIO=4&transport=websocket' failed: WebSocket is closed before the connection is established. @ https://three60-nfc-valet-admin.onrender.com/_next/static/chunks/692-46d5bb9e77fa1ebf.js:0
[ 7119606ms] [LOG] [WS] Connection error: timeout @ https://three60-nfc-valet-admin.onrender.com/_next/static/chunks/64-a6f154658988b61c.js:0
[ 7119606ms] [WARNING] WebSocket connection to 'ws://localhost:3002/socket.io/?EIO=4&transport=websocket' failed: WebSocket is closed before the connection is established. @ https://three60-nfc-valet-admin.onrender.com/_next/static/chunks/692-46d5bb9e77fa1ebf.js:0
[ 7144611ms] [LOG] [WS] Connection error: timeout @ https://three60-nfc-valet-admin.onrender.com/_next/static/chunks/64-a6f154658988b61c.js:0
[ 7144612ms] [WARNING] WebSocket connection to 'ws://localhost:3002/socket.io/?EIO=4&transport=websocket' failed: WebSocket is closed before the connection is established. @ https://three60-nfc-valet-admin.onrender.com/_next/static/chunks/692-46d5bb9e77fa1ebf.js:0
[ 7169633ms] [LOG] [WS] Connection error: timeout @ https://three60-nfc-valet-admin.onrender.com/_next/static/chunks/64-a6f154658988b61c.js:0
[ 7169633ms] [WARNING] WebSocket connection to 'ws://localhost:3002/socket.io/?EIO=4&transport=websocket' failed: WebSocket is closed before the connection is established. @ https://three60-nfc-valet-admin.onrender.com/_next/static/chunks/692-46d5bb9e77fa1ebf.js:0
[ 7194648ms] [LOG] [WS] Connection error: timeout @ https://three60-nfc-valet-admin.onrender.com/_next/static/chunks/64-a6f154658988b61c.js:0
[ 7194648ms] [WARNING] WebSocket connection to 'ws://localhost:3002/socket.io/?EIO=4&transport=websocket' failed: WebSocket is closed before the connection is established. @ https://three60-nfc-valet-admin.onrender.com/_next/static/chunks/692-46d5bb9e77fa1ebf.js:0
[ 7219652ms] [LOG] [WS] Connection error: timeout @ https://three60-nfc-valet-admin.onrender.com/_next/static/chunks/64-a6f154658988b61c.js:0
[ 7219652ms] [WARNING] WebSocket connection to 'ws://localhost:3002/socket.io/?EIO=4&transport=websocket' failed: WebSocket is closed before the connection is established. @ https://three60-nfc-valet-admin.onrender.com/_next/static/chunks/692-46d5bb9e77fa1ebf.js:0
[ 7244664ms] [LOG] [WS] Connection error: timeout @ https://three60-nfc-valet-admin.onrender.com/_next/static/chunks/64-a6f154658988b61c.js:0
[ 7244664ms] [WARNING] WebSocket connection to 'ws://localhost:3002/socket.io/?EIO=4&transport=websocket' failed: WebSocket is closed before the connection is established. @ https://three60-nfc-valet-admin.onrender.com/_next/static/chunks/692-46d5bb9e77fa1ebf.js:0
[ 7269666ms] [LOG] [WS] Connection error: timeout @ https://three60-nfc-valet-admin.onrender.com/_next/static/chunks/64-a6f154658988b61c.js:0
[ 7269666ms] [WARNING] WebSocket connection to 'ws://localhost:3002/socket.io/?EIO=4&transport=websocket' failed: WebSocket is closed before the connection is established. @ https://three60-nfc-valet-admin.onrender.com/_next/static/chunks/692-46d5bb9e77fa1ebf.js:0
[ 7294676ms] [LOG] [WS] Connection error: timeout @ https://three60-nfc-valet-admin.onrender.com/_next/static/chunks/64-a6f154658988b61c.js:0
[ 7294676ms] [WARNING] WebSocket connection to 'ws://localhost:3002/socket.io/?EIO=4&transport=websocket' failed: WebSocket is closed before the connection is established. @ https://three60-nfc-valet-admin.onrender.com/_next/static/chunks/692-46d5bb9e77fa1ebf.js:0
[ 7319703ms] [LOG] [WS] Connection error: timeout @ https://three60-nfc-valet-admin.onrender.com/_next/static/chunks/64-a6f154658988b61c.js:0
[ 7319703ms] [WARNING] WebSocket connection to 'ws://localhost:3002/socket.io/?EIO=4&transport=websocket' failed: WebSocket is closed before the connection is established. @ https://three60-nfc-valet-admin.onrender.com/_next/static/chunks/692-46d5bb9e77fa1ebf.js:0
[ 7344721ms] [LOG] [WS] Connection error: timeout @ https://three60-nfc-valet-admin.onrender.com/_next/static/chunks/64-a6f154658988b61c.js:0
[ 7344721ms] [WARNING] WebSocket connection to 'ws://localhost:3002/socket.io/?EIO=4&transport=websocket' failed: WebSocket is closed before the connection is established. @ https://three60-nfc-valet-admin.onrender.com/_next/static/chunks/692-46d5bb9e77fa1ebf.js:0
[ 7369744ms] [LOG] [WS] Connection error: timeout @ https://three60-nfc-valet-admin.onrender.com/_next/static/chunks/64-a6f154658988b61c.js:0
[ 7369745ms] [WARNING] WebSocket connection to 'ws://localhost:3002/socket.io/?EIO=4&transport=websocket' failed: WebSocket is closed before the connection is established. @ https://three60-nfc-valet-admin.onrender.com/_next/static/chunks/692-46d5bb9e77fa1ebf.js:0
[ 7394768ms] [LOG] [WS] Connection error: timeout @ https://three60-nfc-valet-admin.onrender.com/_next/static/chunks/64-a6f154658988b61c.js:0
[ 7394769ms] [WARNING] WebSocket connection to 'ws://localhost:3002/socket.io/?EIO=4&transport=websocket' failed: WebSocket is closed before the connection is established. @ https://three60-nfc-valet-admin.onrender.com/_next/static/chunks/692-46d5bb9e77fa1ebf.js:0
[ 7419793ms] [LOG] [WS] Connection error: timeout @ https://three60-nfc-valet-admin.onrender.com/_next/static/chunks/64-a6f154658988b61c.js:0
[ 7419794ms] [WARNING] WebSocket connection to 'ws://localhost:3002/socket.io/?EIO=4&transport=websocket' failed: WebSocket is closed before the connection is established. @ https://three60-nfc-valet-admin.onrender.com/_next/static/chunks/692-46d5bb9e77fa1ebf.js:0
[ 7444806ms] [LOG] [WS] Connection error: timeout @ https://three60-nfc-valet-admin.onrender.com/_next/static/chunks/64-a6f154658988b61c.js:0
[ 7444809ms] [WARNING] WebSocket connection to 'ws://localhost:3002/socket.io/?EIO=4&transport=websocket' failed: WebSocket is closed before the connection is established. @ https://three60-nfc-valet-admin.onrender.com/_next/static/chunks/692-46d5bb9e77fa1ebf.js:0
[ 7469837ms] [LOG] [WS] Connection error: timeout @ https://three60-nfc-valet-admin.onrender.com/_next/static/chunks/64-a6f154658988b61c.js:0
[ 7469838ms] [WARNING] WebSocket connection to 'ws://localhost:3002/socket.io/?EIO=4&transport=websocket' failed: WebSocket is closed before the connection is established. @ https://three60-nfc-valet-admin.onrender.com/_next/static/chunks/692-46d5bb9e77fa1ebf.js:0
[ 7494846ms] [LOG] [WS] Connection error: timeout @ https://three60-nfc-valet-admin.onrender.com/_next/static/chunks/64-a6f154658988b61c.js:0
[ 7494846ms] [WARNING] WebSocket connection to 'ws://localhost:3002/socket.io/?EIO=4&transport=websocket' failed: WebSocket is closed before the connection is established. @ https://three60-nfc-valet-admin.onrender.com/_next/static/chunks/692-46d5bb9e77fa1ebf.js:0
[ 7519865ms] [LOG] [WS] Connection error: timeout @ https://three60-nfc-valet-admin.onrender.com/_next/static/chunks/64-a6f154658988b61c.js:0
[ 7519866ms] [WARNING] WebSocket connection to 'ws://localhost:3002/socket.io/?EIO=4&transport=websocket' failed: WebSocket is closed before the connection is established. @ https://three60-nfc-valet-admin.onrender.com/_next/static/chunks/692-46d5bb9e77fa1ebf.js:0
[ 7544881ms] [LOG] [WS] Connection error: timeout @ https://three60-nfc-valet-admin.onrender.com/_next/static/chunks/64-a6f154658988b61c.js:0
[ 7544884ms] [WARNING] WebSocket connection to 'ws://localhost:3002/socket.io/?EIO=4&transport=websocket' failed: WebSocket is closed before the connection is established. @ https://three60-nfc-valet-admin.onrender.com/_next/static/chunks/692-46d5bb9e77fa1ebf.js:0
[ 7569906ms] [LOG] [WS] Connection error: timeout @ https://three60-nfc-valet-admin.onrender.com/_next/static/chunks/64-a6f154658988b61c.js:0
[ 7569906ms] [WARNING] WebSocket connection to 'ws://localhost:3002/socket.io/?EIO=4&transport=websocket' failed: WebSocket is closed before the connection is established. @ https://three60-nfc-valet-admin.onrender.com/_next/static/chunks/692-46d5bb9e77fa1ebf.js:0
[ 7594933ms] [LOG] [WS] Connection error: timeout @ https://three60-nfc-valet-admin.onrender.com/_next/static/chunks/64-a6f154658988b61c.js:0
[ 7594933ms] [WARNING] WebSocket connection to 'ws://localhost:3002/socket.io/?EIO=4&transport=websocket' failed: WebSocket is closed before the connection is established. @ https://three60-nfc-valet-admin.onrender.com/_next/static/chunks/692-46d5bb9e77fa1ebf.js:0
[ 7619957ms] [LOG] [WS] Connection error: timeout @ https://three60-nfc-valet-admin.onrender.com/_next/static/chunks/64-a6f154658988b61c.js:0
[ 7619959ms] [WARNING] WebSocket connection to 'ws://localhost:3002/socket.io/?EIO=4&transport=websocket' failed: WebSocket is closed before the connection is established. @ https://three60-nfc-valet-admin.onrender.com/_next/static/chunks/692-46d5bb9e77fa1ebf.js:0
[ 7644974ms] [LOG] [WS] Connection error: timeout @ https://three60-nfc-valet-admin.onrender.com/_next/static/chunks/64-a6f154658988b61c.js:0
[ 7644974ms] [WARNING] WebSocket connection to 'ws://localhost:3002/socket.io/?EIO=4&transport=websocket' failed: WebSocket is closed before the connection is established. @ https://three60-nfc-valet-admin.onrender.com/_next/static/chunks/692-46d5bb9e77fa1ebf.js:0
[ 7669998ms] [LOG] [WS] Connection error: timeout @ https://three60-nfc-valet-admin.onrender.com/_next/static/chunks/64-a6f154658988b61c.js:0
[ 7669998ms] [WARNING] WebSocket connection to 'ws://localhost:3002/socket.io/?EIO=4&transport=websocket' failed: WebSocket is closed before the connection is established. @ https://three60-nfc-valet-admin.onrender.com/_next/static/chunks/692-46d5bb9e77fa1ebf.js:0
[ 7695012ms] [LOG] [WS] Connection error: timeout @ https://three60-nfc-valet-admin.onrender.com/_next/static/chunks/64-a6f154658988b61c.js:0
[ 7695013ms] [WARNING] WebSocket connection to 'ws://localhost:3002/socket.io/?EIO=4&transport=websocket' failed: WebSocket is closed before the connection is established. @ https://three60-nfc-valet-admin.onrender.com/_next/static/chunks/692-46d5bb9e77fa1ebf.js:0
[ 7720022ms] [LOG] [WS] Connection error: timeout @ https://three60-nfc-valet-admin.onrender.com/_next/static/chunks/64-a6f154658988b61c.js:0
[ 7720025ms] [WARNING] WebSocket connection to 'ws://localhost:3002/socket.io/?EIO=4&transport=websocket' failed: WebSocket is closed before the connection is established. @ https://three60-nfc-valet-admin.onrender.com/_next/static/chunks/692-46d5bb9e77fa1ebf.js:0
[ 7745042ms] [LOG] [WS] Connection error: timeout @ https://three60-nfc-valet-admin.onrender.com/_next/static/chunks/64-a6f154658988b61c.js:0
[ 7745043ms] [WARNING] WebSocket connection to 'ws://localhost:3002/socket.io/?EIO=4&transport=websocket' failed: WebSocket is closed before the connection is established. @ https://three60-nfc-valet-admin.onrender.com/_next/static/chunks/692-46d5bb9e77fa1ebf.js:0
[ 7770063ms] [LOG] [WS] Connection error: timeout @ https://three60-nfc-valet-admin.onrender.com/_next/static/chunks/64-a6f154658988b61c.js:0
[ 7770063ms] [WARNING] WebSocket connection to 'ws://localhost:3002/socket.io/?EIO=4&transport=websocket' failed: WebSocket is closed before the connection is established. @ https://three60-nfc-valet-admin.onrender.com/_next/static/chunks/692-46d5bb9e77fa1ebf.js:0
[ 7795076ms] [LOG] [WS] Connection error: timeout @ https://three60-nfc-valet-admin.onrender.com/_next/static/chunks/64-a6f154658988b61c.js:0
[ 7795076ms] [WARNING] WebSocket connection to 'ws://localhost:3002/socket.io/?EIO=4&transport=websocket' failed: WebSocket is closed before the connection is established. @ https://three60-nfc-valet-admin.onrender.com/_next/static/chunks/692-46d5bb9e77fa1ebf.js:0
[ 7820097ms] [LOG] [WS] Connection error: timeout @ https://three60-nfc-valet-admin.onrender.com/_next/static/chunks/64-a6f154658988b61c.js:0
[ 7820097ms] [WARNING] WebSocket connection to 'ws://localhost:3002/socket.io/?EIO=4&transport=websocket' failed: WebSocket is closed before the connection is established. @ https://three60-nfc-valet-admin.onrender.com/_next/static/chunks/692-46d5bb9e77fa1ebf.js:0
[ 7845124ms] [LOG] [WS] Connection error: timeout @ https://three60-nfc-valet-admin.onrender.com/_next/static/chunks/64-a6f154658988b61c.js:0
[ 7845124ms] [WARNING] WebSocket connection to 'ws://localhost:3002/socket.io/?EIO=4&transport=websocket' failed: WebSocket is closed before the connection is established. @ https://three60-nfc-valet-admin.onrender.com/_next/static/chunks/692-46d5bb9e77fa1ebf.js:0
[ 7870140ms] [LOG] [WS] Connection error: timeout @ https://three60-nfc-valet-admin.onrender.com/_next/static/chunks/64-a6f154658988b61c.js:0
[ 7870140ms] [WARNING] WebSocket connection to 'ws://localhost:3002/socket.io/?EIO=4&transport=websocket' failed: WebSocket is closed before the connection is established. @ https://three60-nfc-valet-admin.onrender.com/_next/static/chunks/692-46d5bb9e77fa1ebf.js:0
[ 7895153ms] [LOG] [WS] Connection error: timeout @ https://three60-nfc-valet-admin.onrender.com/_next/static/chunks/64-a6f154658988b61c.js:0
[ 7895153ms] [WARNING] WebSocket connection to 'ws://localhost:3002/socket.io/?EIO=4&transport=websocket' failed: WebSocket is closed before the connection is established. @ https://three60-nfc-valet-admin.onrender.com/_next/static/chunks/692-46d5bb9e77fa1ebf.js:0
[ 7920172ms] [LOG] [WS] Connection error: timeout @ https://three60-nfc-valet-admin.onrender.com/_next/static/chunks/64-a6f154658988b61c.js:0
[ 7920172ms] [WARNING] WebSocket connection to 'ws://localhost:3002/socket.io/?EIO=4&transport=websocket' failed: WebSocket is closed before the connection is established. @ https://three60-nfc-valet-admin.onrender.com/_next/static/chunks/692-46d5bb9e77fa1ebf.js:0
[ 7945185ms] [LOG] [WS] Connection error: timeout @ https://three60-nfc-valet-admin.onrender.com/_next/static/chunks/64-a6f154658988b61c.js:0
[ 7945185ms] [WARNING] WebSocket connection to 'ws://localhost:3002/socket.io/?EIO=4&transport=websocket' failed: WebSocket is closed before the connection is established. @ https://three60-nfc-valet-admin.onrender.com/_next/static/chunks/692-46d5bb9e77fa1ebf.js:0
[ 7970205ms] [LOG] [WS] Connection error: timeout @ https://three60-nfc-valet-admin.onrender.com/_next/static/chunks/64-a6f154658988b61c.js:0
[ 7970205ms] [WARNING] WebSocket connection to 'ws://localhost:3002/socket.io/?EIO=4&transport=websocket' failed: WebSocket is closed before the connection is established. @ https://three60-nfc-valet-admin.onrender.com/_next/static/chunks/692-46d5bb9e77fa1ebf.js:0
[ 7995221ms] [LOG] [WS] Connection error: timeout @ https://three60-nfc-valet-admin.onrender.com/_next/static/chunks/64-a6f154658988b61c.js:0
[ 7995222ms] [WARNING] WebSocket connection to 'ws://localhost:3002/socket.io/?EIO=4&transport=websocket' failed: WebSocket is closed before the connection is established. @ https://three60-nfc-valet-admin.onrender.com/_next/static/chunks/692-46d5bb9e77fa1ebf.js:0
[ 8020236ms] [LOG] [WS] Connection error: timeout @ https://three60-nfc-valet-admin.onrender.com/_next/static/chunks/64-a6f154658988b61c.js:0
[ 8020236ms] [WARNING] WebSocket connection to 'ws://localhost:3002/socket.io/?EIO=4&transport=websocket' failed: WebSocket is closed before the connection is established. @ https://three60-nfc-valet-admin.onrender.com/_next/static/chunks/692-46d5bb9e77fa1ebf.js:0
[ 8045259ms] [LOG] [WS] Connection error: timeout @ https://three60-nfc-valet-admin.onrender.com/_next/static/chunks/64-a6f154658988b61c.js:0
[ 8045260ms] [WARNING] WebSocket connection to 'ws://localhost:3002/socket.io/?EIO=4&transport=websocket' failed: WebSocket is closed before the connection is established. @ https://three60-nfc-valet-admin.onrender.com/_next/static/chunks/692-46d5bb9e77fa1ebf.js:0
[ 8070286ms] [LOG] [WS] Connection error: timeout @ https://three60-nfc-valet-admin.onrender.com/_next/static/chunks/64-a6f154658988b61c.js:0
[ 8070286ms] [WARNING] WebSocket connection to 'ws://localhost:3002/socket.io/?EIO=4&transport=websocket' failed: WebSocket is closed before the connection is established. @ https://three60-nfc-valet-admin.onrender.com/_next/static/chunks/692-46d5bb9e77fa1ebf.js:0
[ 8095311ms] [LOG] [WS] Connection error: timeout @ https://three60-nfc-valet-admin.onrender.com/_next/static/chunks/64-a6f154658988b61c.js:0
[ 8095312ms] [WARNING] WebSocket connection to 'ws://localhost:3002/socket.io/?EIO=4&transport=websocket' failed: WebSocket is closed before the connection is established. @ https://three60-nfc-valet-admin.onrender.com/_next/static/chunks/692-46d5bb9e77fa1ebf.js:0
[ 8120332ms] [LOG] [WS] Connection error: timeout @ https://three60-nfc-valet-admin.onrender.com/_next/static/chunks/64-a6f154658988b61c.js:0
[ 8120333ms] [WARNING] WebSocket connection to 'ws://localhost:3002/socket.io/?EIO=4&transport=websocket' failed: WebSocket is closed before the connection is established. @ https://three60-nfc-valet-admin.onrender.com/_next/static/chunks/692-46d5bb9e77fa1ebf.js:0
[ 8145348ms] [LOG] [WS] Connection error: timeout @ https://three60-nfc-valet-admin.onrender.com/_next/static/chunks/64-a6f154658988b61c.js:0
[ 8145348ms] [WARNING] WebSocket connection to 'ws://localhost:3002/socket.io/?EIO=4&transport=websocket' failed: WebSocket is closed before the connection is established. @ https://three60-nfc-valet-admin.onrender.com/_next/static/chunks/692-46d5bb9e77fa1ebf.js:0
[ 8170369ms] [LOG] [WS] Connection error: timeout @ https://three60-nfc-valet-admin.onrender.com/_next/static/chunks/64-a6f154658988b61c.js:0
[ 8170369ms] [WARNING] WebSocket connection to 'ws://localhost:3002/socket.io/?EIO=4&transport=websocket' failed: WebSocket is closed before the connection is established. @ https://three60-nfc-valet-admin.onrender.com/_next/static/chunks/692-46d5bb9e77fa1ebf.js:0
[ 8195389ms] [LOG] [WS] Connection error: timeout @ https://three60-nfc-valet-admin.onrender.com/_next/static/chunks/64-a6f154658988b61c.js:0
[ 8195389ms] [WARNING] WebSocket connection to 'ws://localhost:3002/socket.io/?EIO=4&transport=websocket' failed: WebSocket is closed before the connection is established. @ https://three60-nfc-valet-admin.onrender.com/_next/static/chunks/692-46d5bb9e77fa1ebf.js:0
[ 8220412ms] [LOG] [WS] Connection error: timeout @ https://three60-nfc-valet-admin.onrender.com/_next/static/chunks/64-a6f154658988b61c.js:0
[ 8220415ms] [WARNING] WebSocket connection to 'ws://localhost:3002/socket.io/?EIO=4&transport=websocket' failed: WebSocket is closed before the connection is established. @ https://three60-nfc-valet-admin.onrender.com/_next/static/chunks/692-46d5bb9e77fa1ebf.js:0
[ 8245435ms] [LOG] [WS] Connection error: timeout @ https://three60-nfc-valet-admin.onrender.com/_next/static/chunks/64-a6f154658988b61c.js:0
[ 8245435ms] [WARNING] WebSocket connection to 'ws://localhost:3002/socket.io/?EIO=4&transport=websocket' failed: WebSocket is closed before the connection is established. @ https://three60-nfc-valet-admin.onrender.com/_next/static/chunks/692-46d5bb9e77fa1ebf.js:0
[ 8270450ms] [LOG] [WS] Connection error: timeout @ https://three60-nfc-valet-admin.onrender.com/_next/static/chunks/64-a6f154658988b61c.js:0
[ 8270451ms] [WARNING] WebSocket connection to 'ws://localhost:3002/socket.io/?EIO=4&transport=websocket' failed: WebSocket is closed before the connection is established. @ https://three60-nfc-valet-admin.onrender.com/_next/static/chunks/692-46d5bb9e77fa1ebf.js:0
[ 8295465ms] [LOG] [WS] Connection error: timeout @ https://three60-nfc-valet-admin.onrender.com/_next/static/chunks/64-a6f154658988b61c.js:0
[ 8295466ms] [WARNING] WebSocket connection to 'ws://localhost:3002/socket.io/?EIO=4&transport=websocket' failed: WebSocket is closed before the connection is established. @ https://three60-nfc-valet-admin.onrender.com/_next/static/chunks/692-46d5bb9e77fa1ebf.js:0
[ 8320487ms] [LOG] [WS] Connection error: timeout @ https://three60-nfc-valet-admin.onrender.com/_next/static/chunks/64-a6f154658988b61c.js:0
[ 8320487ms] [WARNING] WebSocket connection to 'ws://localhost:3002/socket.io/?EIO=4&transport=websocket' failed: WebSocket is closed before the connection is established. @ https://three60-nfc-valet-admin.onrender.com/_next/static/chunks/692-46d5bb9e77fa1ebf.js:0
[ 8345496ms] [LOG] [WS] Connection error: timeout @ https://three60-nfc-valet-admin.onrender.com/_next/static/chunks/64-a6f154658988b61c.js:0
[ 8345496ms] [WARNING] WebSocket connection to 'ws://localhost:3002/socket.io/?EIO=4&transport=websocket' failed: WebSocket is closed before the connection is established. @ https://three60-nfc-valet-admin.onrender.com/_next/static/chunks/692-46d5bb9e77fa1ebf.js:0
[ 8370506ms] [LOG] [WS] Connection error: timeout @ https://three60-nfc-valet-admin.onrender.com/_next/static/chunks/64-a6f154658988b61c.js:0
[ 8370507ms] [WARNING] WebSocket connection to 'ws://localhost:3002/socket.io/?EIO=4&transport=websocket' failed: WebSocket is closed before the connection is established. @ https://three60-nfc-valet-admin.onrender.com/_next/static/chunks/692-46d5bb9e77fa1ebf.js:0
[ 8395526ms] [LOG] [WS] Connection error: timeout @ https://three60-nfc-valet-admin.onrender.com/_next/static/chunks/64-a6f154658988b61c.js:0
[ 8395526ms] [WARNING] WebSocket connection to 'ws://localhost:3002/socket.io/?EIO=4&transport=websocket' failed: WebSocket is closed before the connection is established. @ https://three60-nfc-valet-admin.onrender.com/_next/static/chunks/692-46d5bb9e77fa1ebf.js:0
[ 8420542ms] [LOG] [WS] Connection error: timeout @ https://three60-nfc-valet-admin.onrender.com/_next/static/chunks/64-a6f154658988b61c.js:0
[ 8420545ms] [WARNING] WebSocket connection to 'ws://localhost:3002/socket.io/?EIO=4&transport=websocket' failed: WebSocket is closed before the connection is established. @ https://three60-nfc-valet-admin.onrender.com/_next/static/chunks/692-46d5bb9e77fa1ebf.js:0
[ 8445565ms] [LOG] [WS] Connection error: timeout @ https://three60-nfc-valet-admin.onrender.com/_next/static/chunks/64-a6f154658988b61c.js:0
[ 8445566ms] [WARNING] WebSocket connection to 'ws://localhost:3002/socket.io/?EIO=4&transport=websocket' failed: WebSocket is closed before the connection is established. @ https://three60-nfc-valet-admin.onrender.com/_next/static/chunks/692-46d5bb9e77fa1ebf.js:0
[ 8470584ms] [LOG] [WS] Connection error: timeout @ https://three60-nfc-valet-admin.onrender.com/_next/static/chunks/64-a6f154658988b61c.js:0
[ 8470584ms] [WARNING] WebSocket connection to 'ws://localhost:3002/socket.io/?EIO=4&transport=websocket' failed: WebSocket is closed before the connection is established. @ https://three60-nfc-valet-admin.onrender.com/_next/static/chunks/692-46d5bb9e77fa1ebf.js:0
[ 8495607ms] [LOG] [WS] Connection error: timeout @ https://three60-nfc-valet-admin.onrender.com/_next/static/chunks/64-a6f154658988b61c.js:0
[ 8495607ms] [WARNING] WebSocket connection to 'ws://localhost:3002/socket.io/?EIO=4&transport=websocket' failed: WebSocket is closed before the connection is established. @ https://three60-nfc-valet-admin.onrender.com/_next/static/chunks/692-46d5bb9e77fa1ebf.js:0
[ 8520625ms] [LOG] [WS] Connection error: timeout @ https://three60-nfc-valet-admin.onrender.com/_next/static/chunks/64-a6f154658988b61c.js:0
[ 8520625ms] [WARNING] WebSocket connection to 'ws://localhost:3002/socket.io/?EIO=4&transport=websocket' failed: WebSocket is closed before the connection is established. @ https://three60-nfc-valet-admin.onrender.com/_next/static/chunks/692-46d5bb9e77fa1ebf.js:0
[ 8545648ms] [LOG] [WS] Connection error: timeout @ https://three60-nfc-valet-admin.onrender.com/_next/static/chunks/64-a6f154658988b61c.js:0
[ 8545649ms] [WARNING] WebSocket connection to 'ws://localhost:3002/socket.io/?EIO=4&transport=websocket' failed: WebSocket is closed before the connection is established. @ https://three60-nfc-valet-admin.onrender.com/_next/static/chunks/692-46d5bb9e77fa1ebf.js:0
[ 8570678ms] [LOG] [WS] Connection error: timeout @ https://three60-nfc-valet-admin.onrender.com/_next/static/chunks/64-a6f154658988b61c.js:0
[ 8570678ms] [WARNING] WebSocket connection to 'ws://localhost:3002/socket.io/?EIO=4&transport=websocket' failed: WebSocket is closed before the connection is established. @ https://three60-nfc-valet-admin.onrender.com/_next/static/chunks/692-46d5bb9e77fa1ebf.js:0
[ 8595706ms] [LOG] [WS] Connection error: timeout @ https://three60-nfc-valet-admin.onrender.com/_next/static/chunks/64-a6f154658988b61c.js:0
[ 8595706ms] [WARNING] WebSocket connection to 'ws://localhost:3002/socket.io/?EIO=4&transport=websocket' failed: WebSocket is closed before the connection is established. @ https://three60-nfc-valet-admin.onrender.com/_next/static/chunks/692-46d5bb9e77fa1ebf.js:0
[ 8620730ms] [LOG] [WS] Connection error: timeout @ https://three60-nfc-valet-admin.onrender.com/_next/static/chunks/64-a6f154658988b61c.js:0
[ 8620730ms] [WARNING] WebSocket connection to 'ws://localhost:3002/socket.io/?EIO=4&transport=websocket' failed: WebSocket is closed before the connection is established. @ https://three60-nfc-valet-admin.onrender.com/_next/static/chunks/692-46d5bb9e77fa1ebf.js:0
[ 8645743ms] [LOG] [WS] Connection error: timeout @ https://three60-nfc-valet-admin.onrender.com/_next/static/chunks/64-a6f154658988b61c.js:0
[ 8645744ms] [WARNING] WebSocket connection to 'ws://localhost:3002/socket.io/?EIO=4&transport=websocket' failed: WebSocket is closed before the connection is established. @ https://three60-nfc-valet-admin.onrender.com/_next/static/chunks/692-46d5bb9e77fa1ebf.js:0
[ 8670753ms] [LOG] [WS] Connection error: timeout @ https://three60-nfc-valet-admin.onrender.com/_next/static/chunks/64-a6f154658988b61c.js:0
[ 8670753ms] [WARNING] WebSocket connection to 'ws://localhost:3002/socket.io/?EIO=4&transport=websocket' failed: WebSocket is closed before the connection is established. @ https://three60-nfc-valet-admin.onrender.com/_next/static/chunks/692-46d5bb9e77fa1ebf.js:0
[ 8695768ms] [LOG] [WS] Connection error: timeout @ https://three60-nfc-valet-admin.onrender.com/_next/static/chunks/64-a6f154658988b61c.js:0
[ 8695769ms] [WARNING] WebSocket connection to 'ws://localhost:3002/socket.io/?EIO=4&transport=websocket' failed: WebSocket is closed before the connection is established. @ https://three60-nfc-valet-admin.onrender.com/_next/static/chunks/692-46d5bb9e77fa1ebf.js:0
[ 8720785ms] [LOG] [WS] Connection error: timeout @ https://three60-nfc-valet-admin.onrender.com/_next/static/chunks/64-a6f154658988b61c.js:0
[ 8720785ms] [WARNING] WebSocket connection to 'ws://localhost:3002/socket.io/?EIO=4&transport=websocket' failed: WebSocket is closed before the connection is established. @ https://three60-nfc-valet-admin.onrender.com/_next/static/chunks/692-46d5bb9e77fa1ebf.js:0
[ 8745800ms] [LOG] [WS] Connection error: timeout @ https://three60-nfc-valet-admin.onrender.com/_next/static/chunks/64-a6f154658988b61c.js:0
[ 8745800ms] [WARNING] WebSocket connection to 'ws://localhost:3002/socket.io/?EIO=4&transport=websocket' failed: WebSocket is closed before the connection is established. @ https://three60-nfc-valet-admin.onrender.com/_next/static/chunks/692-46d5bb9e77fa1ebf.js:0
[ 8770812ms] [LOG] [WS] Connection error: timeout @ https://three60-nfc-valet-admin.onrender.com/_next/static/chunks/64-a6f154658988b61c.js:0
[ 8770812ms] [WARNING] WebSocket connection to 'ws://localhost:3002/socket.io/?EIO=4&transport=websocket' failed: WebSocket is closed before the connection is established. @ https://three60-nfc-valet-admin.onrender.com/_next/static/chunks/692-46d5bb9e77fa1ebf.js:0
[ 8795845ms] [LOG] [WS] Connection error: timeout @ https://three60-nfc-valet-admin.onrender.com/_next/static/chunks/64-a6f154658988b61c.js:0
[ 8795846ms] [WARNING] WebSocket connection to 'ws://localhost:3002/socket.io/?EIO=4&transport=websocket' failed: WebSocket is closed before the connection is established. @ https://three60-nfc-valet-admin.onrender.com/_next/static/chunks/692-46d5bb9e77fa1ebf.js:0
[ 8820860ms] [LOG] [WS] Connection error: timeout @ https://three60-nfc-valet-admin.onrender.com/_next/static/chunks/64-a6f154658988b61c.js:0
[ 8820860ms] [WARNING] WebSocket connection to 'ws://localhost:3002/socket.io/?EIO=4&transport=websocket' failed: WebSocket is closed before the connection is established. @ https://three60-nfc-valet-admin.onrender.com/_next/static/chunks/692-46d5bb9e77fa1ebf.js:0
[ 8845876ms] [LOG] [WS] Connection error: timeout @ https://three60-nfc-valet-admin.onrender.com/_next/static/chunks/64-a6f154658988b61c.js:0
[ 8845877ms] [WARNING] WebSocket connection to 'ws://localhost:3002/socket.io/?EIO=4&transport=websocket' failed: WebSocket is closed before the connection is established. @ https://three60-nfc-valet-admin.onrender.com/_next/static/chunks/692-46d5bb9e77fa1ebf.js:0
[ 8870895ms] [LOG] [WS] Connection error: timeout @ https://three60-nfc-valet-admin.onrender.com/_next/static/chunks/64-a6f154658988b61c.js:0
[ 8870895ms] [WARNING] WebSocket connection to 'ws://localhost:3002/socket.io/?EIO=4&transport=websocket' failed: WebSocket is closed before the connection is established. @ https://three60-nfc-valet-admin.onrender.com/_next/static/chunks/692-46d5bb9e77fa1ebf.js:0
[ 8895912ms] [LOG] [WS] Connection error: timeout @ https://three60-nfc-valet-admin.onrender.com/_next/static/chunks/64-a6f154658988b61c.js:0
[ 8895913ms] [WARNING] WebSocket connection to 'ws://localhost:3002/socket.io/?EIO=4&transport=websocket' failed: WebSocket is closed before the connection is established. @ https://three60-nfc-valet-admin.onrender.com/_next/static/chunks/692-46d5bb9e77fa1ebf.js:0
[ 8920915ms] [LOG] [WS] Connection error: timeout @ https://three60-nfc-valet-admin.onrender.com/_next/static/chunks/64-a6f154658988b61c.js:0
[ 8920916ms] [WARNING] WebSocket connection to 'ws://localhost:3002/socket.io/?EIO=4&transport=websocket' failed: WebSocket is closed before the connection is established. @ https://three60-nfc-valet-admin.onrender.com/_next/static/chunks/692-46d5bb9e77fa1ebf.js:0
[ 8945932ms] [LOG] [WS] Connection error: timeout @ https://three60-nfc-valet-admin.onrender.com/_next/static/chunks/64-a6f154658988b61c.js:0
[ 8945933ms] [WARNING] WebSocket connection to 'ws://localhost:3002/socket.io/?EIO=4&transport=websocket' failed: WebSocket is closed before the connection is established. @ https://three60-nfc-valet-admin.onrender.com/_next/static/chunks/692-46d5bb9e77fa1ebf.js:0
[ 8970948ms] [LOG] [WS] Connection error: timeout @ https://three60-nfc-valet-admin.onrender.com/_next/static/chunks/64-a6f154658988b61c.js:0
[ 8970949ms] [WARNING] WebSocket connection to 'ws://localhost:3002/socket.io/?EIO=4&transport=websocket' failed: WebSocket is closed before the connection is established. @ https://three60-nfc-valet-admin.onrender.com/_next/static/chunks/692-46d5bb9e77fa1ebf.js:0
[ 8995958ms] [LOG] [WS] Connection error: timeout @ https://three60-nfc-valet-admin.onrender.com/_next/static/chunks/64-a6f154658988b61c.js:0
[ 8995958ms] [WARNING] WebSocket connection to 'ws://localhost:3002/socket.io/?EIO=4&transport=websocket' failed: WebSocket is closed before the connection is established. @ https://three60-nfc-valet-admin.onrender.com/_next/static/chunks/692-46d5bb9e77fa1ebf.js:0
[ 9020978ms] [LOG] [WS] Connection error: timeout @ https://three60-nfc-valet-admin.onrender.com/_next/static/chunks/64-a6f154658988b61c.js:0
[ 9020978ms] [WARNING] WebSocket connection to 'ws://localhost:3002/socket.io/?EIO=4&transport=websocket' failed: WebSocket is closed before the connection is established. @ https://three60-nfc-valet-admin.onrender.com/_next/static/chunks/692-46d5bb9e77fa1ebf.js:0
[ 9045996ms] [LOG] [WS] Connection error: timeout @ https://three60-nfc-valet-admin.onrender.com/_next/static/chunks/64-a6f154658988b61c.js:0
[ 9045997ms] [WARNING] WebSocket connection to 'ws://localhost:3002/socket.io/?EIO=4&transport=websocket' failed: WebSocket is closed before the connection is established. @ https://three60-nfc-valet-admin.onrender.com/_next/static/chunks/692-46d5bb9e77fa1ebf.js:0
[ 9071022ms] [LOG] [WS] Connection error: timeout @ https://three60-nfc-valet-admin.onrender.com/_next/static/chunks/64-a6f154658988b61c.js:0
[ 9071023ms] [WARNING] WebSocket connection to 'ws://localhost:3002/socket.io/?EIO=4&transport=websocket' failed: WebSocket is closed before the connection is established. @ https://three60-nfc-valet-admin.onrender.com/_next/static/chunks/692-46d5bb9e77fa1ebf.js:0
[ 9096046ms] [LOG] [WS] Connection error: timeout @ https://three60-nfc-valet-admin.onrender.com/_next/static/chunks/64-a6f154658988b61c.js:0
[ 9096046ms] [WARNING] WebSocket connection to 'ws://localhost:3002/socket.io/?EIO=4&transport=websocket' failed: WebSocket is closed before the connection is established. @ https://three60-nfc-valet-admin.onrender.com/_next/static/chunks/692-46d5bb9e77fa1ebf.js:0
[ 9121063ms] [LOG] [WS] Connection error: timeout @ https://three60-nfc-valet-admin.onrender.com/_next/static/chunks/64-a6f154658988b61c.js:0
[ 9121063ms] [WARNING] WebSocket connection to 'ws://localhost:3002/socket.io/?EIO=4&transport=websocket' failed: WebSocket is closed before the connection is established. @ https://three60-nfc-valet-admin.onrender.com/_next/static/chunks/692-46d5bb9e77fa1ebf.js:0
[ 9146073ms] [LOG] [WS] Connection error: timeout @ https://three60-nfc-valet-admin.onrender.com/_next/static/chunks/64-a6f154658988b61c.js:0
[ 9146073ms] [WARNING] WebSocket connection to 'ws://localhost:3002/socket.io/?EIO=4&transport=websocket' failed: WebSocket is closed before the connection is established. @ https://three60-nfc-valet-admin.onrender.com/_next/static/chunks/692-46d5bb9e77fa1ebf.js:0
[ 9171100ms] [LOG] [WS] Connection error: timeout @ https://three60-nfc-valet-admin.onrender.com/_next/static/chunks/64-a6f154658988b61c.js:0
[ 9171100ms] [WARNING] WebSocket connection to 'ws://localhost:3002/socket.io/?EIO=4&transport=websocket' failed: WebSocket is closed before the connection is established. @ https://three60-nfc-valet-admin.onrender.com/_next/static/chunks/692-46d5bb9e77fa1ebf.js:0
[ 9196126ms] [LOG] [WS] Connection error: timeout @ https://three60-nfc-valet-admin.onrender.com/_next/static/chunks/64-a6f154658988b61c.js:0
[ 9196126ms] [WARNING] WebSocket connection to 'ws://localhost:3002/socket.io/?EIO=4&transport=websocket' failed: WebSocket is closed before the connection is established. @ https://three60-nfc-valet-admin.onrender.com/_next/static/chunks/692-46d5bb9e77fa1ebf.js:0
[ 9221146ms] [LOG] [WS] Connection error: timeout @ https://three60-nfc-valet-admin.onrender.com/_next/static/chunks/64-a6f154658988b61c.js:0
[ 9221146ms] [WARNING] WebSocket connection to 'ws://localhost:3002/socket.io/?EIO=4&transport=websocket' failed: WebSocket is closed before the connection is established. @ https://three60-nfc-valet-admin.onrender.com/_next/static/chunks/692-46d5bb9e77fa1ebf.js:0
[ 9246153ms] [LOG] [WS] Connection error: timeout @ https://three60-nfc-valet-admin.onrender.com/_next/static/chunks/64-a6f154658988b61c.js:0
[ 9246153ms] [WARNING] WebSocket connection to 'ws://localhost:3002/socket.io/?EIO=4&transport=websocket' failed: WebSocket is closed before the connection is established. @ https://three60-nfc-valet-admin.onrender.com/_next/static/chunks/692-46d5bb9e77fa1ebf.js:0
[ 9271177ms] [LOG] [WS] Connection error: timeout @ https://three60-nfc-valet-admin.onrender.com/_next/static/chunks/64-a6f154658988b61c.js:0
[ 9271177ms] [WARNING] WebSocket connection to 'ws://localhost:3002/socket.io/?EIO=4&transport=websocket' failed: WebSocket is closed before the connection is established. @ https://three60-nfc-valet-admin.onrender.com/_next/static/chunks/692-46d5bb9e77fa1ebf.js:0
[ 9296198ms] [LOG] [WS] Connection error: timeout @ https://three60-nfc-valet-admin.onrender.com/_next/static/chunks/64-a6f154658988b61c.js:0
[ 9296199ms] [WARNING] WebSocket connection to 'ws://localhost:3002/socket.io/?EIO=4&transport=websocket' failed: WebSocket is closed before the connection is established. @ https://three60-nfc-valet-admin.onrender.com/_next/static/chunks/692-46d5bb9e77fa1ebf.js:0
[ 9321216ms] [LOG] [WS] Connection error: timeout @ https://three60-nfc-valet-admin.onrender.com/_next/static/chunks/64-a6f154658988b61c.js:0
[ 9321216ms] [WARNING] WebSocket connection to 'ws://localhost:3002/socket.io/?EIO=4&transport=websocket' failed: WebSocket is closed before the connection is established. @ https://three60-nfc-valet-admin.onrender.com/_next/static/chunks/692-46d5bb9e77fa1ebf.js:0
[ 9346245ms] [LOG] [WS] Connection error: timeout @ https://three60-nfc-valet-admin.onrender.com/_next/static/chunks/64-a6f154658988b61c.js:0
[ 9346246ms] [WARNING] WebSocket connection to 'ws://localhost:3002/socket.io/?EIO=4&transport=websocket' failed: WebSocket is closed before the connection is established. @ https://three60-nfc-valet-admin.onrender.com/_next/static/chunks/692-46d5bb9e77fa1ebf.js:0
[ 9371255ms] [LOG] [WS] Connection error: timeout @ https://three60-nfc-valet-admin.onrender.com/_next/static/chunks/64-a6f154658988b61c.js:0
[ 9371256ms] [WARNING] WebSocket connection to 'ws://localhost:3002/socket.io/?EIO=4&transport=websocket' failed: WebSocket is closed before the connection is established. @ https://three60-nfc-valet-admin.onrender.com/_next/static/chunks/692-46d5bb9e77fa1ebf.js:0
[ 9396279ms] [LOG] [WS] Connection error: timeout @ https://three60-nfc-valet-admin.onrender.com/_next/static/chunks/64-a6f154658988b61c.js:0
[ 9396279ms] [WARNING] WebSocket connection to 'ws://localhost:3002/socket.io/?EIO=4&transport=websocket' failed: WebSocket is closed before the connection is established. @ https://three60-nfc-valet-admin.onrender.com/_next/static/chunks/692-46d5bb9e77fa1ebf.js:0
[ 9421295ms] [LOG] [WS] Connection error: timeout @ https://three60-nfc-valet-admin.onrender.com/_next/static/chunks/64-a6f154658988b61c.js:0
[ 9421295ms] [WARNING] WebSocket connection to 'ws://localhost:3002/socket.io/?EIO=4&transport=websocket' failed: WebSocket is closed before the connection is established. @ https://three60-nfc-valet-admin.onrender.com/_next/static/chunks/692-46d5bb9e77fa1ebf.js:0
[ 9446307ms] [LOG] [WS] Connection error: timeout @ https://three60-nfc-valet-admin.onrender.com/_next/static/chunks/64-a6f154658988b61c.js:0
[ 9446308ms] [WARNING] WebSocket connection to 'ws://localhost:3002/socket.io/?EIO=4&transport=websocket' failed: WebSocket is closed before the connection is established. @ https://three60-nfc-valet-admin.onrender.com/_next/static/chunks/692-46d5bb9e77fa1ebf.js:0
[ 9471326ms] [LOG] [WS] Connection error: timeout @ https://three60-nfc-valet-admin.onrender.com/_next/static/chunks/64-a6f154658988b61c.js:0
[ 9471327ms] [WARNING] WebSocket connection to 'ws://localhost:3002/socket.io/?EIO=4&transport=websocket' failed: WebSocket is closed before the connection is established. @ https://three60-nfc-valet-admin.onrender.com/_next/static/chunks/692-46d5bb9e77fa1ebf.js:0
[ 9496342ms] [LOG] [WS] Connection error: timeout @ https://three60-nfc-valet-admin.onrender.com/_next/static/chunks/64-a6f154658988b61c.js:0
[ 9496342ms] [WARNING] WebSocket connection to 'ws://localhost:3002/socket.io/?EIO=4&transport=websocket' failed: WebSocket is closed before the connection is established. @ https://three60-nfc-valet-admin.onrender.com/_next/static/chunks/692-46d5bb9e77fa1ebf.js:0
[ 9521359ms] [LOG] [WS] Connection error: timeout @ https://three60-nfc-valet-admin.onrender.com/_next/static/chunks/64-a6f154658988b61c.js:0
[ 9521359ms] [WARNING] WebSocket connection to 'ws://localhost:3002/socket.io/?EIO=4&transport=websocket' failed: WebSocket is closed before the connection is established. @ https://three60-nfc-valet-admin.onrender.com/_next/static/chunks/692-46d5bb9e77fa1ebf.js:0
[ 9546380ms] [LOG] [WS] Connection error: timeout @ https://three60-nfc-valet-admin.onrender.com/_next/static/chunks/64-a6f154658988b61c.js:0
[ 9546381ms] [WARNING] WebSocket connection to 'ws://localhost:3002/socket.io/?EIO=4&transport=websocket' failed: WebSocket is closed before the connection is established. @ https://three60-nfc-valet-admin.onrender.com/_next/static/chunks/692-46d5bb9e77fa1ebf.js:0
[ 9571392ms] [LOG] [WS] Connection error: timeout @ https://three60-nfc-valet-admin.onrender.com/_next/static/chunks/64-a6f154658988b61c.js:0
[ 9571393ms] [WARNING] WebSocket connection to 'ws://localhost:3002/socket.io/?EIO=4&transport=websocket' failed: WebSocket is closed before the connection is established. @ https://three60-nfc-valet-admin.onrender.com/_next/static/chunks/692-46d5bb9e77fa1ebf.js:0
[ 9596400ms] [LOG] [WS] Connection error: timeout @ https://three60-nfc-valet-admin.onrender.com/_next/static/chunks/64-a6f154658988b61c.js:0
[ 9596400ms] [WARNING] WebSocket connection to 'ws://localhost:3002/socket.io/?EIO=4&transport=websocket' failed: WebSocket is closed before the connection is established. @ https://three60-nfc-valet-admin.onrender.com/_next/static/chunks/692-46d5bb9e77fa1ebf.js:0
[ 9621421ms] [LOG] [WS] Connection error: timeout @ https://three60-nfc-valet-admin.onrender.com/_next/static/chunks/64-a6f154658988b61c.js:0
[ 9621421ms] [WARNING] WebSocket connection to 'ws://localhost:3002/socket.io/?EIO=4&transport=websocket' failed: WebSocket is closed before the connection is established. @ https://three60-nfc-valet-admin.onrender.com/_next/static/chunks/692-46d5bb9e77fa1ebf.js:0
[ 9646443ms] [LOG] [WS] Connection error: timeout @ https://three60-nfc-valet-admin.onrender.com/_next/static/chunks/64-a6f154658988b61c.js:0
[ 9646443ms] [WARNING] WebSocket connection to 'ws://localhost:3002/socket.io/?EIO=4&transport=websocket' failed: WebSocket is closed before the connection is established. @ https://three60-nfc-valet-admin.onrender.com/_next/static/chunks/692-46d5bb9e77fa1ebf.js:0
[ 9671467ms] [LOG] [WS] Connection error: timeout @ https://three60-nfc-valet-admin.onrender.com/_next/static/chunks/64-a6f154658988b61c.js:0
[ 9671467ms] [WARNING] WebSocket connection to 'ws://localhost:3002/socket.io/?EIO=4&transport=websocket' failed: WebSocket is closed before the connection is established. @ https://three60-nfc-valet-admin.onrender.com/_next/static/chunks/692-46d5bb9e77fa1ebf.js:0
[ 9696482ms] [LOG] [WS] Connection error: timeout @ https://three60-nfc-valet-admin.onrender.com/_next/static/chunks/64-a6f154658988b61c.js:0
[ 9696482ms] [WARNING] WebSocket connection to 'ws://localhost:3002/socket.io/?EIO=4&transport=websocket' failed: WebSocket is closed before the connection is established. @ https://three60-nfc-valet-admin.onrender.com/_next/static/chunks/692-46d5bb9e77fa1ebf.js:0
[ 9721495ms] [LOG] [WS] Connection error: timeout @ https://three60-nfc-valet-admin.onrender.com/_next/static/chunks/64-a6f154658988b61c.js:0
[ 9721495ms] [WARNING] WebSocket connection to 'ws://localhost:3002/socket.io/?EIO=4&transport=websocket' failed: WebSocket is closed before the connection is established. @ https://three60-nfc-valet-admin.onrender.com/_next/static/chunks/692-46d5bb9e77fa1ebf.js:0
[ 9746517ms] [LOG] [WS] Connection error: timeout @ https://three60-nfc-valet-admin.onrender.com/_next/static/chunks/64-a6f154658988b61c.js:0
[ 9746518ms] [WARNING] WebSocket connection to 'ws://localhost:3002/socket.io/?EIO=4&transport=websocket' failed: WebSocket is closed before the connection is established. @ https://three60-nfc-valet-admin.onrender.com/_next/static/chunks/692-46d5bb9e77fa1ebf.js:0
[ 9771530ms] [LOG] [WS] Connection error: timeout @ https://three60-nfc-valet-admin.onrender.com/_next/static/chunks/64-a6f154658988b61c.js:0
[ 9771530ms] [WARNING] WebSocket connection to 'ws://localhost:3002/socket.io/?EIO=4&transport=websocket' failed: WebSocket is closed before the connection is established. @ https://three60-nfc-valet-admin.onrender.com/_next/static/chunks/692-46d5bb9e77fa1ebf.js:0
[ 9796536ms] [LOG] [WS] Connection error: timeout @ https://three60-nfc-valet-admin.onrender.com/_next/static/chunks/64-a6f154658988b61c.js:0
[ 9796537ms] [WARNING] WebSocket connection to 'ws://localhost:3002/socket.io/?EIO=4&transport=websocket' failed: WebSocket is closed before the connection is established. @ https://three60-nfc-valet-admin.onrender.com/_next/static/chunks/692-46d5bb9e77fa1ebf.js:0
[ 9821552ms] [LOG] [WS] Connection error: timeout @ https://three60-nfc-valet-admin.onrender.com/_next/static/chunks/64-a6f154658988b61c.js:0
[ 9821552ms] [WARNING] WebSocket connection to 'ws://localhost:3002/socket.io/?EIO=4&transport=websocket' failed: WebSocket is closed before the connection is established. @ https://three60-nfc-valet-admin.onrender.com/_next/static/chunks/692-46d5bb9e77fa1ebf.js:0
[ 9846570ms] [LOG] [WS] Connection error: timeout @ https://three60-nfc-valet-admin.onrender.com/_next/static/chunks/64-a6f154658988b61c.js:0
[ 9846571ms] [WARNING] WebSocket connection to 'ws://localhost:3002/socket.io/?EIO=4&transport=websocket' failed: WebSocket is closed before the connection is established. @ https://three60-nfc-valet-admin.onrender.com/_next/static/chunks/692-46d5bb9e77fa1ebf.js:0
[ 9871600ms] [LOG] [WS] Connection error: timeout @ https://three60-nfc-valet-admin.onrender.com/_next/static/chunks/64-a6f154658988b61c.js:0
[ 9871600ms] [WARNING] WebSocket connection to 'ws://localhost:3002/socket.io/?EIO=4&transport=websocket' failed: WebSocket is closed before the connection is established. @ https://three60-nfc-valet-admin.onrender.com/_next/static/chunks/692-46d5bb9e77fa1ebf.js:0
[ 9896620ms] [LOG] [WS] Connection error: timeout @ https://three60-nfc-valet-admin.onrender.com/_next/static/chunks/64-a6f154658988b61c.js:0
[ 9896620ms] [WARNING] WebSocket connection to 'ws://localhost:3002/socket.io/?EIO=4&transport=websocket' failed: WebSocket is closed before the connection is established. @ https://three60-nfc-valet-admin.onrender.com/_next/static/chunks/692-46d5bb9e77fa1ebf.js:0
[ 9921649ms] [LOG] [WS] Connection error: timeout @ https://three60-nfc-valet-admin.onrender.com/_next/static/chunks/64-a6f154658988b61c.js:0
[ 9921649ms] [WARNING] WebSocket connection to 'ws://localhost:3002/socket.io/?EIO=4&transport=websocket' failed: WebSocket is closed before the connection is established. @ https://three60-nfc-valet-admin.onrender.com/_next/static/chunks/692-46d5bb9e77fa1ebf.js:0
[ 9946665ms] [LOG] [WS] Connection error: timeout @ https://three60-nfc-valet-admin.onrender.com/_next/static/chunks/64-a6f154658988b61c.js:0
[ 9946665ms] [WARNING] WebSocket connection to 'ws://localhost:3002/socket.io/?EIO=4&transport=websocket' failed: WebSocket is closed before the connection is established. @ https://three60-nfc-valet-admin.onrender.com/_next/static/chunks/692-46d5bb9e77fa1ebf.js:0
[ 9971697ms] [LOG] [WS] Connection error: timeout @ https://three60-nfc-valet-admin.onrender.com/_next/static/chunks/64-a6f154658988b61c.js:0
[ 9971697ms] [WARNING] WebSocket connection to 'ws://localhost:3002/socket.io/?EIO=4&transport=websocket' failed: WebSocket is closed before the connection is established. @ https://three60-nfc-valet-admin.onrender.com/_next/static/chunks/692-46d5bb9e77fa1ebf.js:0
[ 9996705ms] [LOG] [WS] Connection error: timeout @ https://three60-nfc-valet-admin.onrender.com/_next/static/chunks/64-a6f154658988b61c.js:0
[ 9996705ms] [WARNING] WebSocket connection to 'ws://localhost:3002/socket.io/?EIO=4&transport=websocket' failed: WebSocket is closed before the connection is established. @ https://three60-nfc-valet-admin.onrender.com/_next/static/chunks/692-46d5bb9e77fa1ebf.js:0
[10021719ms] [LOG] [WS] Connection error: timeout @ https://three60-nfc-valet-admin.onrender.com/_next/static/chunks/64-a6f154658988b61c.js:0
[10021719ms] [WARNING] WebSocket connection to 'ws://localhost:3002/socket.io/?EIO=4&transport=websocket' failed: WebSocket is closed before the connection is established. @ https://three60-nfc-valet-admin.onrender.com/_next/static/chunks/692-46d5bb9e77fa1ebf.js:0
[10046740ms] [LOG] [WS] Connection error: timeout @ https://three60-nfc-valet-admin.onrender.com/_next/static/chunks/64-a6f154658988b61c.js:0
[10046740ms] [WARNING] WebSocket connection to 'ws://localhost:3002/socket.io/?EIO=4&transport=websocket' failed: WebSocket is closed before the connection is established. @ https://three60-nfc-valet-admin.onrender.com/_next/static/chunks/692-46d5bb9e77fa1ebf.js:0
[10071746ms] [LOG] [WS] Connection error: timeout @ https://three60-nfc-valet-admin.onrender.com/_next/static/chunks/64-a6f154658988b61c.js:0
[10071746ms] [WARNING] WebSocket connection to 'ws://localhost:3002/socket.io/?EIO=4&transport=websocket' failed: WebSocket is closed before the connection is established. @ https://three60-nfc-valet-admin.onrender.com/_next/static/chunks/692-46d5bb9e77fa1ebf.js:0
[10096771ms] [LOG] [WS] Connection error: timeout @ https://three60-nfc-valet-admin.onrender.com/_next/static/chunks/64-a6f154658988b61c.js:0
[10096771ms] [WARNING] WebSocket connection to 'ws://localhost:3002/socket.io/?EIO=4&transport=websocket' failed: WebSocket is closed before the connection is established. @ https://three60-nfc-valet-admin.onrender.com/_next/static/chunks/692-46d5bb9e77fa1ebf.js:0
[10121796ms] [LOG] [WS] Connection error: timeout @ https://three60-nfc-valet-admin.onrender.com/_next/static/chunks/64-a6f154658988b61c.js:0
[10121796ms] [WARNING] WebSocket connection to 'ws://localhost:3002/socket.io/?EIO=4&transport=websocket' failed: WebSocket is closed before the connection is established. @ https://three60-nfc-valet-admin.onrender.com/_next/static/chunks/692-46d5bb9e77fa1ebf.js:0
[10146812ms] [LOG] [WS] Connection error: timeout @ https://three60-nfc-valet-admin.onrender.com/_next/static/chunks/64-a6f154658988b61c.js:0
[10146812ms] [WARNING] WebSocket connection to 'ws://localhost:3002/socket.io/?EIO=4&transport=websocket' failed: WebSocket is closed before the connection is established. @ https://three60-nfc-valet-admin.onrender.com/_next/static/chunks/692-46d5bb9e77fa1ebf.js:0
[10171833ms] [LOG] [WS] Connection error: timeout @ https://three60-nfc-valet-admin.onrender.com/_next/static/chunks/64-a6f154658988b61c.js:0
[10171834ms] [WARNING] WebSocket connection to 'ws://localhost:3002/socket.io/?EIO=4&transport=websocket' failed: WebSocket is closed before the connection is established. @ https://three60-nfc-valet-admin.onrender.com/_next/static/chunks/692-46d5bb9e77fa1ebf.js:0
[10196850ms] [LOG] [WS] Connection error: timeout @ https://three60-nfc-valet-admin.onrender.com/_next/static/chunks/64-a6f154658988b61c.js:0
[10196850ms] [WARNING] WebSocket connection to 'ws://localhost:3002/socket.io/?EIO=4&transport=websocket' failed: WebSocket is closed before the connection is established. @ https://three60-nfc-valet-admin.onrender.com/_next/static/chunks/692-46d5bb9e77fa1ebf.js:0
[10221868ms] [LOG] [WS] Connection error: timeout @ https://three60-nfc-valet-admin.onrender.com/_next/static/chunks/64-a6f154658988b61c.js:0
[10221868ms] [WARNING] WebSocket connection to 'ws://localhost:3002/socket.io/?EIO=4&transport=websocket' failed: WebSocket is closed before the connection is established. @ https://three60-nfc-valet-admin.onrender.com/_next/static/chunks/692-46d5bb9e77fa1ebf.js:0
[10246891ms] [LOG] [WS] Connection error: timeout @ https://three60-nfc-valet-admin.onrender.com/_next/static/chunks/64-a6f154658988b61c.js:0
[10246891ms] [WARNING] WebSocket connection to 'ws://localhost:3002/socket.io/?EIO=4&transport=websocket' failed: WebSocket is closed before the connection is established. @ https://three60-nfc-valet-admin.onrender.com/_next/static/chunks/692-46d5bb9e77fa1ebf.js:0
[10271905ms] [LOG] [WS] Connection error: timeout @ https://three60-nfc-valet-admin.onrender.com/_next/static/chunks/64-a6f154658988b61c.js:0
[10271906ms] [WARNING] WebSocket connection to 'ws://localhost:3002/socket.io/?EIO=4&transport=websocket' failed: WebSocket is closed before the connection is established. @ https://three60-nfc-valet-admin.onrender.com/_next/static/chunks/692-46d5bb9e77fa1ebf.js:0
[10293029ms] [ERROR] WebSocket connection to 'ws://localhost:3002/socket.io/?EIO=4&transport=websocket' failed: Error in connection establishment: net::ERR_BLOCKED_BY_LOCAL_NETWORK_ACCESS_CHECKS @ https://three60-nfc-valet-admin.onrender.com/_next/static/chunks/692-46d5bb9e77fa1ebf.js:0
[10293034ms] [LOG] [WS] Connection error: websocket error @ https://three60-nfc-valet-admin.onrender.com/_next/static/chunks/64-a6f154658988b61c.js:0
